1,Kleidung,Hoodie,Unisex,Braun,Hände,Rosa,S/M/L/XL/XXL,35€,Medien/Kleidung/Haende,"Kuschelig, warm und urgemütlich: Dieser Hoodie ist ein echtes Wohlfühl-Basic, das in jedem gut sortierten Damen- und Herren-Kleiderschrank einen Platz haben sollte. <br><br><span style ='color:green;font-weigth:bold;font-size:3vh;'>&#10003;</span>  Unisex-Schnitt: sitzt bei Männern körpernah, bei Frauen weit<br><span style ='color:green;font-weigth:bold;font-size:3vh;'>&#10003;</span>  Kapuze mit Tunnelzug und Kordel<br><span style ='color:green;font-weigth:bold;font-size:3vh;'>&#10003;</span>  Aufgesetzte Kängurutasche vorn<br><span style ='color:green;font-weigth:bold;font-size:3vh;'>&#10003;</span>  Öffnung in der Innentasche zum praktischen Befestigen von Kopfhörerkabeln<br><span style ='color:green;font-weigth:bold;font-size:3vh;'>&#10003;</span>  Angenehm glatte, robuste Stoffqualität (280 g/m²) und weich angeraute Innenseite<br><span style ='color:green;font-weigth:bold;font-size:3vh;'>&#10003;</span>  Material: 80% Baumwolle, 20% Polyester<br><br>",j
2,Kleidung,Hoodie,Unisex,Dunkelblau,Hände,Rosa,S/M/L/XL/XXL,35€,Medien/Kleidung/Haende,"Kuschelig, warm und urgemütlich: Dieser Hoodie ist ein echtes Wohlfühl-Basic, das in jedem gut sortierten Damen- und Herren-Kleiderschrank einen Platz haben sollte. <br><br><span style ='color:green;font-weigth:bold;font-size:3vh;'>&#10003;</span>  Unisex-Schnitt: sitzt bei Männern körpernah, bei Frauen weit<br><span style ='color:green;font-weigth:bold;font-size:3vh;'>&#10003;</span>  Kapuze mit Tunnelzug und Kordel<br><span style ='color:green;font-weigth:bold;font-size:3vh;'>&#10003;</span>  Aufgesetzte Kängurutasche vorn<br><span style ='color:green;font-weigth:bold;font-size:3vh;'>&#10003;</span>  Öffnung in der Innentasche zum praktischen Befestigen von Kopfhörerkabeln<br><span style ='color:green;font-weigth:bold;font-size:3vh;'>&#10003;</span>  Angenehm glatte, robuste Stoffqualität (280 g/m²) und weich angeraute Innenseite<br><span style ='color:green;font-weigth:bold;font-size:3vh;'>&#10003;</span>  Material: 80% Baumwolle, 20% Polyester<br><br>",j
3,Kleidung,Hoodie,Unisex,Schwarz,Hände,Rosa,S/M/L/XL/XXL,35€,Medien/Kleidung/Haende,"Kuschelig, warm und urgemütlich: Dieser Hoodie ist ein echtes Wohlfühl-Basic, das in jedem gut sortierten Damen- und Herren-Kleiderschrank einen Platz haben sollte. <br><br><span style ='color:green;font-weigth:bold;font-size:3vh;'>&#10003;</span>  Unisex-Schnitt: sitzt bei Männern körpernah, bei Frauen weit<br><span style ='color:green;font-weigth:bold;font-size:3vh;'>&#10003;</span>  Kapuze mit Tunnelzug und Kordel<br><span style ='color:green;font-weigth:bold;font-size:3vh;'>&#10003;</span>  Aufgesetzte Kängurutasche vorn<br><span style ='color:green;font-weigth:bold;font-size:3vh;'>&#10003;</span>  Öffnung in der Innentasche zum praktischen Befestigen von Kopfhörerkabeln<br><span style ='color:green;font-weigth:bold;font-size:3vh;'>&#10003;</span>  Angenehm glatte, robuste Stoffqualität (280 g/m²) und weich angeraute Innenseite<br><span style ='color:green;font-weigth:bold;font-size:3vh;'>&#10003;</span>  Material: 80% Baumwolle, 20% Polyester<br><br>",j
4,Kleidung,Hoodie,Unisex,Dunkelblau,Karte,Weiss,S/M/L/XL/XXL,35€,Medien/Kleidung/Karte,"Kuschelig, warm und urgemütlich: Dieser Hoodie ist ein echtes Wohlfühl-Basic, das in jedem gut sortierten Damen- und Herren-Kleiderschrank einen Platz haben sollte. <br><br><span style ='color:green;font-weigth:bold;font-size:3vh;'>&#10003;</span>  Unisex-Schnitt: sitzt bei Männern körpernah, bei Frauen weit<br><span style ='color:green;font-weigth:bold;font-size:3vh;'>&#10003;</span>  Kapuze mit Tunnelzug und Kordel<br><span style ='color:green;font-weigth:bold;font-size:3vh;'>&#10003;</span>  Aufgesetzte Kängurutasche vorn<br><span style ='color:green;font-weigth:bold;font-size:3vh;'>&#10003;</span>  Öffnung in der Innentasche zum praktischen Befestigen von Kopfhörerkabeln<br><span style ='color:green;font-weigth:bold;font-size:3vh;'>&#10003;</span>  Angenehm glatte, robuste Stoffqualität (280 g/m²) und weich angeraute Innenseite<br><span style ='color:green;font-weigth:bold;font-size:3vh;'>&#10003;</span>  Material: 80% Baumwolle, 20% Polyester<br><br>",j
5,Kleidung,Hoodie,Unisex,Hellbraun,Karte,Schwarz,S/M/L/XL/XXL,35€,Medien/Kleidung/Karte,"Kuschelig, warm und urgemütlich: Dieser Hoodie ist ein echtes Wohlfühl-Basic, das in jedem gut sortierten Damen- und Herren-Kleiderschrank einen Platz haben sollte. <br><br><span style ='color:green;font-weigth:bold;font-size:3vh;'>&#10003;</span>  Unisex-Schnitt: sitzt bei Männern körpernah, bei Frauen weit<br><span style ='color:green;font-weigth:bold;font-size:3vh;'>&#10003;</span>  Kapuze mit Tunnelzug und Kordel<br><span style ='color:green;font-weigth:bold;font-size:3vh;'>&#10003;</span>  Aufgesetzte Kängurutasche vorn<br><span style ='color:green;font-weigth:bold;font-size:3vh;'>&#10003;</span>  Öffnung in der Innentasche zum praktischen Befestigen von Kopfhörerkabeln<br><span style ='color:green;font-weigth:bold;font-size:3vh;'>&#10003;</span>  Angenehm glatte, robuste Stoffqualität (280 g/m²) und weich angeraute Innenseite<br><span style ='color:green;font-weigth:bold;font-size:3vh;'>&#10003;</span>  Material: 80% Baumwolle, 20% Polyester<br><br>",j
6,Kleidung,Hoodie,Unisex,Schwarz,Karte,Weiss,S/M/L/XL/XXL,35€,Medien/Kleidung/Karte,"Kuschelig, warm und urgemütlich: Dieser Hoodie ist ein echtes Wohlfühl-Basic, das in jedem gut sortierten Damen- und Herren-Kleiderschrank einen Platz haben sollte. <br><br><span style ='color:green;font-weigth:bold;font-size:3vh;'>&#10003;</span>  Unisex-Schnitt: sitzt bei Männern körpernah, bei Frauen weit<br><span style ='color:green;font-weigth:bold;font-size:3vh;'>&#10003;</span>  Kapuze mit Tunnelzug und Kordel<br><span style ='color:green;font-weigth:bold;font-size:3vh;'>&#10003;</span>  Aufgesetzte Kängurutasche vorn<br><span style ='color:green;font-weigth:bold;font-size:3vh;'>&#10003;</span>  Öffnung in der Innentasche zum praktischen Befestigen von Kopfhörerkabeln<br><span style ='color:green;font-weigth:bold;font-size:3vh;'>&#10003;</span>  Angenehm glatte, robuste Stoffqualität (280 g/m²) und weich angeraute Innenseite<br><span style ='color:green;font-weigth:bold;font-size:3vh;'>&#10003;</span>  Material: 80% Baumwolle, 20% Polyester<br><br>",j
7,Kleidung,Hoodie,Unisex,Beige,Karte,Schwarz,S/M/L/XL/XXL,35€,Medien/Kleidung/Karte,"Kuschelig, warm und urgemütlich: Dieser Hoodie ist ein echtes Wohlfühl-Basic, das in jedem gut sortierten Damen- und Herren-Kleiderschrank einen Platz haben sollte. <br><br><span style ='color:green;font-weigth:bold;font-size:3vh;'>&#10003;</span>  Unisex-Schnitt: sitzt bei Männern körpernah, bei Frauen weit<br><span style ='color:green;font-weigth:bold;font-size:3vh;'>&#10003;</span>  Kapuze mit Tunnelzug und Kordel<br><span style ='color:green;font-weigth:bold;font-size:3vh;'>&#10003;</span>  Aufgesetzte Kängurutasche vorn<br><span style ='color:green;font-weigth:bold;font-size:3vh;'>&#10003;</span>  Öffnung in der Innentasche zum praktischen Befestigen von Kopfhörerkabeln<br><span style ='color:green;font-weigth:bold;font-size:3vh;'>&#10003;</span>  Angenehm glatte, robuste Stoffqualität (280 g/m²) und weich angeraute Innenseite<br><span style ='color:green;font-weigth:bold;font-size:3vh;'>&#10003;</span>  Material: 80% Baumwolle, 20% Polyester<br><br>",j
8,Kleidung,Hoodie,Unisex,Hellbraun,Respekt,Blau,S/M/L/XL/XXL,35€,Medien/Kleidung/Respekt,"Kuschelig, warm und urgemütlich: Dieser Hoodie ist ein echtes Wohlfühl-Basic, das in jedem gut sortierten Damen- und Herren-Kleiderschrank einen Platz haben sollte. <br><br><span style ='color:green;font-weigth:bold;font-size:3vh;'>&#10003;</span>  Unisex-Schnitt: sitzt bei Männern körpernah, bei Frauen weit<br><span style ='color:green;font-weigth:bold;font-size:3vh;'>&#10003;</span>  Kapuze mit Tunnelzug und Kordel<br><span style ='color:green;font-weigth:bold;font-size:3vh;'>&#10003;</span>  Aufgesetzte Kängurutasche vorn<br><span style ='color:green;font-weigth:bold;font-size:3vh;'>&#10003;</span>  Öffnung in der Innentasche zum praktischen Befestigen von Kopfhörerkabeln<br><span style ='color:green;font-weigth:bold;font-size:3vh;'>&#10003;</span>  Angenehm glatte, robuste Stoffqualität (280 g/m²) und weich angeraute Innenseite<br><span style ='color:green;font-weigth:bold;font-size:3vh;'>&#10003;</span>  Material: 80% Baumwolle, 20% Polyester<br><br>",j
9,Kleidung,Hoodie,Unisex,Braun,Respekt,Blau,S/M/L/XL/XXL,35€,Medien/Kleidung/Respekt,"Kuschelig, warm und urgemütlich: Dieser Hoodie ist ein echtes Wohlfühl-Basic, das in jedem gut sortierten Damen- und Herren-Kleiderschrank einen Platz haben sollte. <br><br><span style ='color:green;font-weigth:bold;font-size:3vh;'>&#10003;</span>  Unisex-Schnitt: sitzt bei Männern körpernah, bei Frauen weit<br><span style ='color:green;font-weigth:bold;font-size:3vh;'>&#10003;</span>  Kapuze mit Tunnelzug und Kordel<br><span style ='color:green;font-weigth:bold;font-size:3vh;'>&#10003;</span>  Aufgesetzte Kängurutasche vorn<br><span style ='color:green;font-weigth:bold;font-size:3vh;'>&#10003;</span>  Öffnung in der Innentasche zum praktischen Befestigen von Kopfhörerkabeln<br><span style ='color:green;font-weigth:bold;font-size:3vh;'>&#10003;</span>  Angenehm glatte, robuste Stoffqualität (280 g/m²) und weich angeraute Innenseite<br><span style ='color:green;font-weigth:bold;font-size:3vh;'>&#10003;</span>  Material: 80% Baumwolle, 20% Polyester<br><br>",j
10,Kleidung,Hoodie,Unisex,Dunkelblau,Respekt,Blau,S/M/L/XL/XXL,35€,Medien/Kleidung/Respekt,"Kuschelig, warm und urgemütlich: Dieser Hoodie ist ein echtes Wohlfühl-Basic, das in jedem gut sortierten Damen- und Herren-Kleiderschrank einen Platz haben sollte. <br><br><span style ='color:green;font-weigth:bold;font-size:3vh;'>&#10003;</span>  Unisex-Schnitt: sitzt bei Männern körpernah, bei Frauen weit<br><span style ='color:green;font-weigth:bold;font-size:3vh;'>&#10003;</span>  Kapuze mit Tunnelzug und Kordel<br><span style ='color:green;font-weigth:bold;font-size:3vh;'>&#10003;</span>  Aufgesetzte Kängurutasche vorn<br><span style ='color:green;font-weigth:bold;font-size:3vh;'>&#10003;</span>  Öffnung in der Innentasche zum praktischen Befestigen von Kopfhörerkabeln<br><span style ='color:green;font-weigth:bold;font-size:3vh;'>&#10003;</span>  Angenehm glatte, robuste Stoffqualität (280 g/m²) und weich angeraute Innenseite<br><span style ='color:green;font-weigth:bold;font-size:3vh;'>&#10003;</span>  Material: 80% Baumwolle, 20% Polyester<br><br>",j
11,Kleidung,Hoodie,Unisex,Schwarz,Respekt,Blau,S/M/L/XL/XXL,35€,Medien/Kleidung/Respekt,"Kuschelig, warm und urgemütlich: Dieser Hoodie ist ein echtes Wohlfühl-Basic, das in jedem gut sortierten Damen- und Herren-Kleiderschrank einen Platz haben sollte. <br><br><span style ='color:green;font-weigth:bold;font-size:3vh;'>&#10003;</span>  Unisex-Schnitt: sitzt bei Männern körpernah, bei Frauen weit<br><span style ='color:green;font-weigth:bold;font-size:3vh;'>&#10003;</span>  Kapuze mit Tunnelzug und Kordel<br><span style ='color:green;font-weigth:bold;font-size:3vh;'>&#10003;</span>  Aufgesetzte Kängurutasche vorn<br><span style ='color:green;font-weigth:bold;font-size:3vh;'>&#10003;</span>  Öffnung in der Innentasche zum praktischen Befestigen von Kopfhörerkabeln<br><span style ='color:green;font-weigth:bold;font-size:3vh;'>&#10003;</span>  Angenehm glatte, robuste Stoffqualität (280 g/m²) und weich angeraute Innenseite<br><span style ='color:green;font-weigth:bold;font-size:3vh;'>&#10003;</span>  Material: 80% Baumwolle, 20% Polyester<br><br>",j
12,Kleidung,Hoodie,Unisex,Beige,Respekt,Blau,S/M/L/XL/XXL,35€,Medien/Kleidung/Respekt,"Kuschelig, warm und urgemütlich: Dieser Hoodie ist ein echtes Wohlfühl-Basic, das in jedem gut sortierten Damen- und Herren-Kleiderschrank einen Platz haben sollte. <br><br><span style ='color:green;font-weigth:bold;font-size:3vh;'>&#10003;</span>  Unisex-Schnitt: sitzt bei Männern körpernah, bei Frauen weit<br><span style ='color:green;font-weigth:bold;font-size:3vh;'>&#10003;</span>  Kapuze mit Tunnelzug und Kordel<br><span style ='color:green;font-weigth:bold;font-size:3vh;'>&#10003;</span>  Aufgesetzte Kängurutasche vorn<br><span style ='color:green;font-weigth:bold;font-size:3vh;'>&#10003;</span>  Öffnung in der Innentasche zum praktischen Befestigen von Kopfhörerkabeln<br><span style ='color:green;font-weigth:bold;font-size:3vh;'>&#10003;</span>  Angenehm glatte, robuste Stoffqualität (280 g/m²) und weich angeraute Innenseite<br><span style ='color:green;font-weigth:bold;font-size:3vh;'>&#10003;</span>  Material: 80% Baumwolle, 20% Polyester<br><br>",j
13,Kleidung,Hoodie,Unisex,Dunkelblau,Respekt,Rosa,S/M/L/XL/XXL,35€,Medien/Kleidung/Respekt,"Kuschelig, warm und urgemütlich: Dieser Hoodie ist ein echtes Wohlfühl-Basic, das in jedem gut sortierten Damen- und Herren-Kleiderschrank einen Platz haben sollte. <br><br><span style ='color:green;font-weigth:bold;font-size:3vh;'>&#10003;</span>  Unisex-Schnitt: sitzt bei Männern körpernah, bei Frauen weit<br><span style ='color:green;font-weigth:bold;font-size:3vh;'>&#10003;</span>  Kapuze mit Tunnelzug und Kordel<br><span style ='color:green;font-weigth:bold;font-size:3vh;'>&#10003;</span>  Aufgesetzte Kängurutasche vorn<br><span style ='color:green;font-weigth:bold;font-size:3vh;'>&#10003;</span>  Öffnung in der Innentasche zum praktischen Befestigen von Kopfhörerkabeln<br><span style ='color:green;font-weigth:bold;font-size:3vh;'>&#10003;</span>  Angenehm glatte, robuste Stoffqualität (280 g/m²) und weich angeraute Innenseite<br><span style ='color:green;font-weigth:bold;font-size:3vh;'>&#10003;</span>  Material: 80% Baumwolle, 20% Polyester<br><br>",j
14,Kleidung,Hoodie,Unisex,Schwarz,Respekt,Rosa,S/M/L/XL/XXL,35€,Medien/Kleidung/Respekt,"Kuschelig, warm und urgemütlich: Dieser Hoodie ist ein echtes Wohlfühl-Basic, das in jedem gut sortierten Damen- und Herren-Kleiderschrank einen Platz haben sollte. <br><br><span style ='color:green;font-weigth:bold;font-size:3vh;'>&#10003;</span>  Unisex-Schnitt: sitzt bei Männern körpernah, bei Frauen weit<br><span style ='color:green;font-weigth:bold;font-size:3vh;'>&#10003;</span>  Kapuze mit Tunnelzug und Kordel<br><span style ='color:green;font-weigth:bold;font-size:3vh;'>&#10003;</span>  Aufgesetzte Kängurutasche vorn<br><span style ='color:green;font-weigth:bold;font-size:3vh;'>&#10003;</span>  Öffnung in der Innentasche zum praktischen Befestigen von Kopfhörerkabeln<br><span style ='color:green;font-weigth:bold;font-size:3vh;'>&#10003;</span>  Angenehm glatte, robuste Stoffqualität (280 g/m²) und weich angeraute Innenseite<br><span style ='color:green;font-weigth:bold;font-size:3vh;'>&#10003;</span>  Material: 80% Baumwolle, 20% Polyester<br><br>",j
15,Kleidung,Hoodie,Unisex,Beige,Respekt,Rosa,S/M/L/XL/XXL,35€,Medien/Kleidung/Respekt,"Kuschelig, warm und urgemütlich: Dieser Hoodie ist ein echtes Wohlfühl-Basic, das in jedem gut sortierten Damen- und Herren-Kleiderschrank einen Platz haben sollte. <br><br><span style ='color:green;font-weigth:bold;font-size:3vh;'>&#10003;</span>  Unisex-Schnitt: sitzt bei Männern körpernah, bei Frauen weit<br><span style ='color:green;font-weigth:bold;font-size:3vh;'>&#10003;</span>  Kapuze mit Tunnelzug und Kordel<br><span style ='color:green;font-weigth:bold;font-size:3vh;'>&#10003;</span>  Aufgesetzte Kängurutasche vorn<br><span style ='color:green;font-weigth:bold;font-size:3vh;'>&#10003;</span>  Öffnung in der Innentasche zum praktischen Befestigen von Kopfhörerkabeln<br><span style ='color:green;font-weigth:bold;font-size:3vh;'>&#10003;</span>  Angenehm glatte, robuste Stoffqualität (280 g/m²) und weich angeraute Innenseite<br><span style ='color:green;font-weigth:bold;font-size:3vh;'>&#10003;</span>  Material: 80% Baumwolle, 20% Polyester<br><br>",j
16,Kleidung,Hoodie,Unisex,Dunkelblau,Motto,Weiss,S/M/L/XL/XXL,35€,Medien/Kleidung/Motto,"Kuschelig, warm und urgemütlich: Dieser Hoodie ist ein echtes Wohlfühl-Basic, das in jedem gut sortierten Damen- und Herren-Kleiderschrank einen Platz haben sollte. <br><br><span style ='color:green;font-weigth:bold;font-size:3vh;'>&#10003;</span>  Unisex-Schnitt: sitzt bei Männern körpernah, bei Frauen weit<br><span style ='color:green;font-weigth:bold;font-size:3vh;'>&#10003;</span>  Kapuze mit Tunnelzug und Kordel<br><span style ='color:green;font-weigth:bold;font-size:3vh;'>&#10003;</span>  Aufgesetzte Kängurutasche vorn<br><span style ='color:green;font-weigth:bold;font-size:3vh;'>&#10003;</span>  Öffnung in der Innentasche zum praktischen Befestigen von Kopfhörerkabeln<br><span style ='color:green;font-weigth:bold;font-size:3vh;'>&#10003;</span>  Angenehm glatte, robuste Stoffqualität (280 g/m²) und weich angeraute Innenseite<br><span style ='color:green;font-weigth:bold;font-size:3vh;'>&#10003;</span>  Material: 80% Baumwolle, 20% Polyester<br><br>",j
17,Kleidung,Hoodie,Unisex,Braun,Motto,Weiss,S/M/L/XL/XXL,35€,Medien/Kleidung/Motto,"Kuschelig, warm und urgemütlich: Dieser Hoodie ist ein echtes Wohlfühl-Basic, das in jedem gut sortierten Damen- und Herren-Kleiderschrank einen Platz haben sollte. <br><br><span style ='color:green;font-weigth:bold;font-size:3vh;'>&#10003;</span>  Unisex-Schnitt: sitzt bei Männern körpernah, bei Frauen weit<br><span style ='color:green;font-weigth:bold;font-size:3vh;'>&#10003;</span>  Kapuze mit Tunnelzug und Kordel<br><span style ='color:green;font-weigth:bold;font-size:3vh;'>&#10003;</span>  Aufgesetzte Kängurutasche vorn<br><span style ='color:green;font-weigth:bold;font-size:3vh;'>&#10003;</span>  Öffnung in der Innentasche zum praktischen Befestigen von Kopfhörerkabeln<br><span style ='color:green;font-weigth:bold;font-size:3vh;'>&#10003;</span>  Angenehm glatte, robuste Stoffqualität (280 g/m²) und weich angeraute Innenseite<br><span style ='color:green;font-weigth:bold;font-size:3vh;'>&#10003;</span>  Material: 80% Baumwolle, 20% Polyester<br><br>",j
18,Kleidung,Hoodie,Unisex,Schwarz,Motto,Weiss,S/M/L/XL/XXL,35€,Medien/Kleidung/Motto,"Kuschelig, warm und urgemütlich: Dieser Hoodie ist ein echtes Wohlfühl-Basic, das in jedem gut sortierten Damen- und Herren-Kleiderschrank einen Platz haben sollte. <br><br><span style ='color:green;font-weigth:bold;font-size:3vh;'>&#10003;</span>  Unisex-Schnitt: sitzt bei Männern körpernah, bei Frauen weit<br><span style ='color:green;font-weigth:bold;font-size:3vh;'>&#10003;</span>  Kapuze mit Tunnelzug und Kordel<br><span style ='color:green;font-weigth:bold;font-size:3vh;'>&#10003;</span>  Aufgesetzte Kängurutasche vorn<br><span style ='color:green;font-weigth:bold;font-size:3vh;'>&#10003;</span>  Öffnung in der Innentasche zum praktischen Befestigen von Kopfhörerkabeln<br><span style ='color:green;font-weigth:bold;font-size:3vh;'>&#10003;</span>  Angenehm glatte, robuste Stoffqualität (280 g/m²) und weich angeraute Innenseite<br><span style ='color:green;font-weigth:bold;font-size:3vh;'>&#10003;</span>  Material: 80% Baumwolle, 20% Polyester<br><br>",j
19,Kleidung,Hoodie,Unisex,Grau,Karte,Schwarz,S/M/L/XL/XXL,35€,Medien/Kleidung/Karte,"Kuschelig, warm und urgemütlich: Dieser Hoodie ist ein echtes Wohlfühl-Basic, das in jedem gut sortierten Damen- und Herren-Kleiderschrank einen Platz haben sollte. <br><br><span style ='color:green;font-weigth:bold;font-size:3vh;'>&#10003;</span>  Unisex-Schnitt: sitzt bei Männern körpernah, bei Frauen weit<br><span style ='color:green;font-weigth:bold;font-size:3vh;'>&#10003;</span>  Kapuze mit Tunnelzug und Kordel<br><span style ='color:green;font-weigth:bold;font-size:3vh;'>&#10003;</span>  Aufgesetzte Kängurutasche vorn<br><span style ='color:green;font-weigth:bold;font-size:3vh;'>&#10003;</span>  Öffnung in der Innentasche zum praktischen Befestigen von Kopfhörerkabeln<br><span style ='color:green;font-weigth:bold;font-size:3vh;'>&#10003;</span>  Angenehm glatte, robuste Stoffqualität (280 g/m²) und weich angeraute Innenseite<br><span style ='color:green;font-weigth:bold;font-size:3vh;'>&#10003;</span>  Material: 80% Baumwolle, 20% Polyester<br><br>",j
20,Kleidung,Hoodie,Unisex,Rot,Karte,Schwarz,S/M/L/XL/XXL,35€,Medien/Kleidung/Karte,"Kuschelig, warm und urgemütlich: Dieser Hoodie ist ein echtes Wohlfühl-Basic, das in jedem gut sortierten Damen- und Herren-Kleiderschrank einen Platz haben sollte. <br><br><span style ='color:green;font-weigth:bold;font-size:3vh;'>&#10003;</span>  Unisex-Schnitt: sitzt bei Männern körpernah, bei Frauen weit<br><span style ='color:green;font-weigth:bold;font-size:3vh;'>&#10003;</span>  Kapuze mit Tunnelzug und Kordel<br><span style ='color:green;font-weigth:bold;font-size:3vh;'>&#10003;</span>  Aufgesetzte Kängurutasche vorn<br><span style ='color:green;font-weigth:bold;font-size:3vh;'>&#10003;</span>  Öffnung in der Innentasche zum praktischen Befestigen von Kopfhörerkabeln<br><span style ='color:green;font-weigth:bold;font-size:3vh;'>&#10003;</span>  Angenehm glatte, robuste Stoffqualität (280 g/m²) und weich angeraute Innenseite<br><span style ='color:green;font-weigth:bold;font-size:3vh;'>&#10003;</span>  Material: 80% Baumwolle, 20% Polyester<br><br>",j
21,Kleidung,Hoodie,Unisex,Rot,Hände,Blau,S/M/L/XL/XXL,35€,Medien/Kleidung/Haende,"Kuschelig, warm und urgemütlich: Dieser Hoodie ist ein echtes Wohlfühl-Basic, das in jedem gut sortierten Damen- und Herren-Kleiderschrank einen Platz haben sollte. <br><br><span style ='color:green;font-weigth:bold;font-size:3vh;'>&#10003;</span>  Unisex-Schnitt: sitzt bei Männern körpernah, bei Frauen weit<br><span style ='color:green;font-weigth:bold;font-size:3vh;'>&#10003;</span>  Kapuze mit Tunnelzug und Kordel<br><span style ='color:green;font-weigth:bold;font-size:3vh;'>&#10003;</span>  Aufgesetzte Kängurutasche vorn<br><span style ='color:green;font-weigth:bold;font-size:3vh;'>&#10003;</span>  Öffnung in der Innentasche zum praktischen Befestigen von Kopfhörerkabeln<br><span style ='color:green;font-weigth:bold;font-size:3vh;'>&#10003;</span>  Angenehm glatte, robuste Stoffqualität (280 g/m²) und weich angeraute Innenseite<br><span style ='color:green;font-weigth:bold;font-size:3vh;'>&#10003;</span>  Material: 80% Baumwolle, 20% Polyester<br><br>",j
22,Kleidung,Hoodie,Unisex,Grau,Respekt,Blau,S/M/L/XL/XXL,35€,Medien/Kleidung/Respekt,"Kuschelig, warm und urgemütlich: Dieser Hoodie ist ein echtes Wohlfühl-Basic, das in jedem gut sortierten Damen- und Herren-Kleiderschrank einen Platz haben sollte. <br><br><span style ='color:green;font-weigth:bold;font-size:3vh;'>&#10003;</span>  Unisex-Schnitt: sitzt bei Männern körpernah, bei Frauen weit<br><span style ='color:green;font-weigth:bold;font-size:3vh;'>&#10003;</span>  Kapuze mit Tunnelzug und Kordel<br><span style ='color:green;font-weigth:bold;font-size:3vh;'>&#10003;</span>  Aufgesetzte Kängurutasche vorn<br><span style ='color:green;font-weigth:bold;font-size:3vh;'>&#10003;</span>  Öffnung in der Innentasche zum praktischen Befestigen von Kopfhörerkabeln<br><span style ='color:green;font-weigth:bold;font-size:3vh;'>&#10003;</span>  Angenehm glatte, robuste Stoffqualität (280 g/m²) und weich angeraute Innenseite<br><span style ='color:green;font-weigth:bold;font-size:3vh;'>&#10003;</span>  Material: 80% Baumwolle, 20% Polyester<br><br>",j
23,Kleidung,Hoodie,Unisex,Rot,Respekt,Blau,S/M/L/XL/XXL,35€,Medien/Kleidung/Respekt,"Kuschelig, warm und urgemütlich: Dieser Hoodie ist ein echtes Wohlfühl-Basic, das in jedem gut sortierten Damen- und Herren-Kleiderschrank einen Platz haben sollte. <br><br><span style ='color:green;font-weigth:bold;font-size:3vh;'>&#10003;</span>  Unisex-Schnitt: sitzt bei Männern körpernah, bei Frauen weit<br><span style ='color:green;font-weigth:bold;font-size:3vh;'>&#10003;</span>  Kapuze mit Tunnelzug und Kordel<br><span style ='color:green;font-weigth:bold;font-size:3vh;'>&#10003;</span>  Aufgesetzte Kängurutasche vorn<br><span style ='color:green;font-weigth:bold;font-size:3vh;'>&#10003;</span>  Öffnung in der Innentasche zum praktischen Befestigen von Kopfhörerkabeln<br><span style ='color:green;font-weigth:bold;font-size:3vh;'>&#10003;</span>  Angenehm glatte, robuste Stoffqualität (280 g/m²) und weich angeraute Innenseite<br><span style ='color:green;font-weigth:bold;font-size:3vh;'>&#10003;</span>  Material: 80% Baumwolle, 20% Polyester<br><br>",j
24,Kleidung,Hoodie,Unisex,Grau,Respekt,Rosa,S/M/L/XL/XXL,35€,Medien/Kleidung/Respekt,"Kuschelig, warm und urgemütlich: Dieser Hoodie ist ein echtes Wohlfühl-Basic, das in jedem gut sortierten Damen- und Herren-Kleiderschrank einen Platz haben sollte. <br><br><span style ='color:green;font-weigth:bold;font-size:3vh;'>&#10003;</span>  Unisex-Schnitt: sitzt bei Männern körpernah, bei Frauen weit<br><span style ='color:green;font-weigth:bold;font-size:3vh;'>&#10003;</span>  Kapuze mit Tunnelzug und Kordel<br><span style ='color:green;font-weigth:bold;font-size:3vh;'>&#10003;</span>  Aufgesetzte Kängurutasche vorn<br><span style ='color:green;font-weigth:bold;font-size:3vh;'>&#10003;</span>  Öffnung in der Innentasche zum praktischen Befestigen von Kopfhörerkabeln<br><span style ='color:green;font-weigth:bold;font-size:3vh;'>&#10003;</span>  Angenehm glatte, robuste Stoffqualität (280 g/m²) und weich angeraute Innenseite<br><span style ='color:green;font-weigth:bold;font-size:3vh;'>&#10003;</span>  Material: 80% Baumwolle, 20% Polyester<br><br>",j
25,Kleidung,Hoodie,Unisex,Grau,Motto,Weiss/Rot,S/M/L/XL/XXL,35€,Medien/Kleidung/Motto,"Kuschelig, warm und urgemütlich: Dieser Hoodie ist ein echtes Wohlfühl-Basic, das in jedem gut sortierten Damen- und Herren-Kleiderschrank einen Platz haben sollte. <br><br><span style ='color:green;font-weigth:bold;font-size:3vh;'>&#10003;</span>  Unisex-Schnitt: sitzt bei Männern körpernah, bei Frauen weit<br><span style ='color:green;font-weigth:bold;font-size:3vh;'>&#10003;</span>  Kapuze mit Tunnelzug und Kordel<br><span style ='color:green;font-weigth:bold;font-size:3vh;'>&#10003;</span>  Aufgesetzte Kängurutasche vorn<br><span style ='color:green;font-weigth:bold;font-size:3vh;'>&#10003;</span>  Öffnung in der Innentasche zum praktischen Befestigen von Kopfhörerkabeln<br><span style ='color:green;font-weigth:bold;font-size:3vh;'>&#10003;</span>  Angenehm glatte, robuste Stoffqualität (280 g/m²) und weich angeraute Innenseite<br><span style ='color:green;font-weigth:bold;font-size:3vh;'>&#10003;</span>  Material: 80% Baumwolle, 20% Polyester<br><br>",j
,,,,,,,,,,,
27,Kleidung,Hoodie,Unisex,Rot,Motto,Weiss,S/M/L/XL/XXL,35€,Medien/Kleidung/Motto,"Kuschelig, warm und urgemütlich: Dieser Hoodie ist ein echtes Wohlfühl-Basic, das in jedem gut sortierten Damen- und Herren-Kleiderschrank einen Platz haben sollte. <br><br><span style ='color:green;font-weigth:bold;font-size:3vh;'>&#10003;</span>  Unisex-Schnitt: sitzt bei Männern körpernah, bei Frauen weit<br><span style ='color:green;font-weigth:bold;font-size:3vh;'>&#10003;</span>  Kapuze mit Tunnelzug und Kordel<br><span style ='color:green;font-weigth:bold;font-size:3vh;'>&#10003;</span>  Aufgesetzte Kängurutasche vorn<br><span style ='color:green;font-weigth:bold;font-size:3vh;'>&#10003;</span>  Öffnung in der Innentasche zum praktischen Befestigen von Kopfhörerkabeln<br><span style ='color:green;font-weigth:bold;font-size:3vh;'>&#10003;</span>  Angenehm glatte, robuste Stoffqualität (280 g/m²) und weich angeraute Innenseite<br><span style ='color:green;font-weigth:bold;font-size:3vh;'>&#10003;</span>  Material: 80% Baumwolle, 20% Polyester<br><br>",j
,,,,,,,,,,,
,,,,,,,,,,,
30,Kleidung,Hoodie,Kinder,Schwarz,Hände,Blau,134/146/152/164,35€,Medien/Kleidung/Haende,"Klassischer Hoodie für coole Kids: Mit Kängurutasche zum Verbergen von Händen oder Schätzen und Kapuze zum Einkuscheln, Verstecken und gegen plötzliche Regenschauer. <br><br><span style ='color:green;font-weigth:bold;font-size:3vh;'>&#10003;</span>  aufgesetzte Bauchtasche<br><span style ='color:green;font-weigth:bold;font-size:3vh;'>&#10003;</span>  dicke Kapuze ohne störende Bändchen<br><span style ='color:green;font-weigth:bold;font-size:3vh;'>&#10003;</span>  Öffnung in der Innentasche und kleine Schlaufe an der Kapuze zum praktischen Befestigen von Kopfhörerkabeln<br><span style ='color:green;font-weigth:bold;font-size:3vh;'>&#10003;</span>  kuschelige Stoffqualität: 280 g/m²<br><span style ='color:green;font-weigth:bold;font-size:3vh;'>&#10003;</span>  Material: 60% Baumwolle, 40% Polyester<br><br>",j
31,Kleidung,Hoodie,Kinder,Dunkelblau,Hände,Blau,134/146/152/164,35€,Medien/Kleidung/Haende,"Klassischer Hoodie für coole Kids: Mit Kängurutasche zum Verbergen von Händen oder Schätzen und Kapuze zum Einkuscheln, Verstecken und gegen plötzliche Regenschauer. <br><br><span style ='color:green;font-weigth:bold;font-size:3vh;'>&#10003;</span>  aufgesetzte Bauchtasche<br><span style ='color:green;font-weigth:bold;font-size:3vh;'>&#10003;</span>  dicke Kapuze ohne störende Bändchen<br><span style ='color:green;font-weigth:bold;font-size:3vh;'>&#10003;</span>  Öffnung in der Innentasche und kleine Schlaufe an der Kapuze zum praktischen Befestigen von Kopfhörerkabeln<br><span style ='color:green;font-weigth:bold;font-size:3vh;'>&#10003;</span>  kuschelige Stoffqualität: 280 g/m²<br><span style ='color:green;font-weigth:bold;font-size:3vh;'>&#10003;</span>  Material: 60% Baumwolle, 40% Polyester<br><br>",j
32,Kleidung,Hoodie,Kinder,Rosa,Hände,Blau,134/146/152/164,35€,Medien/Kleidung/Haende,"Klassischer Hoodie für coole Kids: Mit Kängurutasche zum Verbergen von Händen oder Schätzen und Kapuze zum Einkuscheln, Verstecken und gegen plötzliche Regenschauer. <br><br><span style ='color:green;font-weigth:bold;font-size:3vh;'>&#10003;</span>  aufgesetzte Bauchtasche<br><span style ='color:green;font-weigth:bold;font-size:3vh;'>&#10003;</span>  dicke Kapuze ohne störende Bändchen<br><span style ='color:green;font-weigth:bold;font-size:3vh;'>&#10003;</span>  Öffnung in der Innentasche und kleine Schlaufe an der Kapuze zum praktischen Befestigen von Kopfhörerkabeln<br><span style ='color:green;font-weigth:bold;font-size:3vh;'>&#10003;</span>  kuschelige Stoffqualität: 280 g/m²<br><span style ='color:green;font-weigth:bold;font-size:3vh;'>&#10003;</span>  Material: 80% Baumwolle, 20% Polyester<br><br>",j
,,,,,,,,,,,
34,Kleidung,Hoodie,Kinder,Dunkelblau,Karte,Weiss,134/146/152/164,35€,Medien/Kleidung/Karte,"Klassischer Hoodie für coole Kids: Mit Kängurutasche zum Verbergen von Händen oder Schätzen und Kapuze zum Einkuscheln, Verstecken und gegen plötzliche Regenschauer. <br><br><span style ='color:green;font-weigth:bold;font-size:3vh;'>&#10003;</span>  aufgesetzte Bauchtasche<br><span style ='color:green;font-weigth:bold;font-size:3vh;'>&#10003;</span>  dicke Kapuze ohne störende Bändchen<br><span style ='color:green;font-weigth:bold;font-size:3vh;'>&#10003;</span>  Öffnung in der Innentasche und kleine Schlaufe an der Kapuze zum praktischen Befestigen von Kopfhörerkabeln<br><span style ='color:green;font-weigth:bold;font-size:3vh;'>&#10003;</span>  kuschelige Stoffqualität: 280 g/m²<br><span style ='color:green;font-weigth:bold;font-size:3vh;'>&#10003;</span>  Material: 60% Baumwolle, 40% Polyester<br><br>",j
35,Kleidung,Hoodie,Kinder,Schwarz,Karte,Weiss,134/146/152/164,35€,Medien/Kleidung/Karte,"Klassischer Hoodie für coole Kids: Mit Kängurutasche zum Verbergen von Händen oder Schätzen und Kapuze zum Einkuscheln, Verstecken und gegen plötzliche Regenschauer. <br><br><span style ='color:green;font-weigth:bold;font-size:3vh;'>&#10003;</span>  aufgesetzte Bauchtasche<br><span style ='color:green;font-weigth:bold;font-size:3vh;'>&#10003;</span>  dicke Kapuze ohne störende Bändchen<br><span style ='color:green;font-weigth:bold;font-size:3vh;'>&#10003;</span>  Öffnung in der Innentasche und kleine Schlaufe an der Kapuze zum praktischen Befestigen von Kopfhörerkabeln<br><span style ='color:green;font-weigth:bold;font-size:3vh;'>&#10003;</span>  kuschelige Stoffqualität: 280 g/m²<br><span style ='color:green;font-weigth:bold;font-size:3vh;'>&#10003;</span>  Material: 60% Baumwolle, 40% Polyester<br><br>",j
36,Kleidung,Hoodie,Kinder,Rosa,Karte,Schwarz,134/146/152/164,35€,Medien/Kleidung/Karte,"Klassischer Hoodie für coole Kids: Mit Kängurutasche zum Verbergen von Händen oder Schätzen und Kapuze zum Einkuscheln, Verstecken und gegen plötzliche Regenschauer. <br><br><span style ='color:green;font-weigth:bold;font-size:3vh;'>&#10003;</span>  aufgesetzte Bauchtasche<br><span style ='color:green;font-weigth:bold;font-size:3vh;'>&#10003;</span>  dicke Kapuze ohne störende Bändchen<br><span style ='color:green;font-weigth:bold;font-size:3vh;'>&#10003;</span>  Öffnung in der Innentasche und kleine Schlaufe an der Kapuze zum praktischen Befestigen von Kopfhörerkabeln<br><span style ='color:green;font-weigth:bold;font-size:3vh;'>&#10003;</span>  kuschelige Stoffqualität: 280 g/m²<br><span style ='color:green;font-weigth:bold;font-size:3vh;'>&#10003;</span>  Material: 80% Baumwolle, 20% Polyester<br><br>",j
,,,,,,,,,,,
38,Kleidung,Hoodie,Kinder,Dunkelblau,Respekt,Blau,134/146/152/164,35€,Medien/Kleidung/Respekt,"Klassischer Hoodie für coole Kids: Mit Kängurutasche zum Verbergen von Händen oder Schätzen und Kapuze zum Einkuscheln, Verstecken und gegen plötzliche Regenschauer. <br><br><span style ='color:green;font-weigth:bold;font-size:3vh;'>&#10003;</span>  aufgesetzte Bauchtasche<br><span style ='color:green;font-weigth:bold;font-size:3vh;'>&#10003;</span>  dicke Kapuze ohne störende Bändchen<br><span style ='color:green;font-weigth:bold;font-size:3vh;'>&#10003;</span>  Öffnung in der Innentasche und kleine Schlaufe an der Kapuze zum praktischen Befestigen von Kopfhörerkabeln<br><span style ='color:green;font-weigth:bold;font-size:3vh;'>&#10003;</span>  kuschelige Stoffqualität: 280 g/m²<br><span style ='color:green;font-weigth:bold;font-size:3vh;'>&#10003;</span>  Material: 60% Baumwolle, 40% Polyester<br><br>",j
,,,,,,,,,,,
40,Kleidung,Hoodie,Kinder,Schwarz,Respekt,Blau,134/146/152/164,35€,Medien/Kleidung/Respekt,"Klassischer Hoodie für coole Kids: Mit Kängurutasche zum Verbergen von Händen oder Schätzen und Kapuze zum Einkuscheln, Verstecken und gegen plötzliche Regenschauer. <br><br><span style ='color:green;font-weigth:bold;font-size:3vh;'>&#10003;</span>  aufgesetzte Bauchtasche<br><span style ='color:green;font-weigth:bold;font-size:3vh;'>&#10003;</span>  dicke Kapuze ohne störende Bändchen<br><span style ='color:green;font-weigth:bold;font-size:3vh;'>&#10003;</span>  Öffnung in der Innentasche und kleine Schlaufe an der Kapuze zum praktischen Befestigen von Kopfhörerkabeln<br><span style ='color:green;font-weigth:bold;font-size:3vh;'>&#10003;</span>  kuschelige Stoffqualität: 280 g/m²<br><span style ='color:green;font-weigth:bold;font-size:3vh;'>&#10003;</span>  Material: 60% Baumwolle, 40% Polyester<br><br>",j
41,Kleidung,Hoodie,Kinder,Rosa,Respekt,Blau,134/146/152/164,35€,Medien/Kleidung/Respekt,"Klassischer Hoodie für coole Kids: Mit Kängurutasche zum Verbergen von Händen oder Schätzen und Kapuze zum Einkuscheln, Verstecken und gegen plötzliche Regenschauer. <br><br><span style ='color:green;font-weigth:bold;font-size:3vh;'>&#10003;</span>  aufgesetzte Bauchtasche<br><span style ='color:green;font-weigth:bold;font-size:3vh;'>&#10003;</span>  dicke Kapuze ohne störende Bändchen<br><span style ='color:green;font-weigth:bold;font-size:3vh;'>&#10003;</span>  Öffnung in der Innentasche und kleine Schlaufe an der Kapuze zum praktischen Befestigen von Kopfhörerkabeln<br><span style ='color:green;font-weigth:bold;font-size:3vh;'>&#10003;</span>  kuschelige Stoffqualität: 280 g/m²<br><span style ='color:green;font-weigth:bold;font-size:3vh;'>&#10003;</span>  Material: 80% Baumwolle, 20% Polyester<br><br>",j
,,,,,,,,,,,
43,Kleidung,Hoodie,Kinder,Dunkelblau,Respekt,Rosa,134/146/152/164,35€,Medien/Kleidung/Respekt,"Klassischer Hoodie für coole Kids: Mit Kängurutasche zum Verbergen von Händen oder Schätzen und Kapuze zum Einkuscheln, Verstecken und gegen plötzliche Regenschauer. <br><br><span style ='color:green;font-weigth:bold;font-size:3vh;'>&#10003;</span>  aufgesetzte Bauchtasche<br><span style ='color:green;font-weigth:bold;font-size:3vh;'>&#10003;</span>  dicke Kapuze ohne störende Bändchen<br><span style ='color:green;font-weigth:bold;font-size:3vh;'>&#10003;</span>  Öffnung in der Innentasche und kleine Schlaufe an der Kapuze zum praktischen Befestigen von Kopfhörerkabeln<br><span style ='color:green;font-weigth:bold;font-size:3vh;'>&#10003;</span>  kuschelige Stoffqualität: 280 g/m²<br><span style ='color:green;font-weigth:bold;font-size:3vh;'>&#10003;</span>  Material: 60% Baumwolle, 40% Polyester<br><br>",j
44,Kleidung,Hoodie,Kinder,Schwarz,Respekt,Rosa,134/146/152/164,35€,Medien/Kleidung/Respekt,"Klassischer Hoodie für coole Kids: Mit Kängurutasche zum Verbergen von Händen oder Schätzen und Kapuze zum Einkuscheln, Verstecken und gegen plötzliche Regenschauer. <br><br><span style ='color:green;font-weigth:bold;font-size:3vh;'>&#10003;</span>  aufgesetzte Bauchtasche<br><span style ='color:green;font-weigth:bold;font-size:3vh;'>&#10003;</span>  dicke Kapuze ohne störende Bändchen<br><span style ='color:green;font-weigth:bold;font-size:3vh;'>&#10003;</span>  Öffnung in der Innentasche und kleine Schlaufe an der Kapuze zum praktischen Befestigen von Kopfhörerkabeln<br><span style ='color:green;font-weigth:bold;font-size:3vh;'>&#10003;</span>  kuschelige Stoffqualität: 280 g/m²<br><span style ='color:green;font-weigth:bold;font-size:3vh;'>&#10003;</span>  Material: 60% Baumwolle, 40% Polyester<br><br>",j
,,,,,,,,,,,
,,,,,,,,,,,
47,Kleidung,Hoodie,Kinder,Dunkelblau,Motto,Weiss,134/146/152/164,35€,Medien/Kleidung/Motto,"Klassischer Hoodie für coole Kids: Mit Kängurutasche zum Verbergen von Händen oder Schätzen und Kapuze zum Einkuscheln, Verstecken und gegen plötzliche Regenschauer. <br><br><span style ='color:green;font-weigth:bold;font-size:3vh;'>&#10003;</span>  aufgesetzte Bauchtasche<br><span style ='color:green;font-weigth:bold;font-size:3vh;'>&#10003;</span>  dicke Kapuze ohne störende Bändchen<br><span style ='color:green;font-weigth:bold;font-size:3vh;'>&#10003;</span>  Öffnung in der Innentasche und kleine Schlaufe an der Kapuze zum praktischen Befestigen von Kopfhörerkabeln<br><span style ='color:green;font-weigth:bold;font-size:3vh;'>&#10003;</span>  kuschelige Stoffqualität: 280 g/m²<br><span style ='color:green;font-weigth:bold;font-size:3vh;'>&#10003;</span>  Material: 60% Baumwolle, 40% Polyester<br><br>",j
48,Kleidung,Hoodie,Kinder,Schwarz,Motto,Weiss,134/146/152/164,35€,Medien/Kleidung/Motto,"Klassischer Hoodie für coole Kids: Mit Kängurutasche zum Verbergen von Händen oder Schätzen und Kapuze zum Einkuscheln, Verstecken und gegen plötzliche Regenschauer. <br><br><span style ='color:green;font-weigth:bold;font-size:3vh;'>&#10003;</span>  aufgesetzte Bauchtasche<br><span style ='color:green;font-weigth:bold;font-size:3vh;'>&#10003;</span>  dicke Kapuze ohne störende Bändchen<br><span style ='color:green;font-weigth:bold;font-size:3vh;'>&#10003;</span>  Öffnung in der Innentasche und kleine Schlaufe an der Kapuze zum praktischen Befestigen von Kopfhörerkabeln<br><span style ='color:green;font-weigth:bold;font-size:3vh;'>&#10003;</span>  kuschelige Stoffqualität: 280 g/m²<br><span style ='color:green;font-weigth:bold;font-size:3vh;'>&#10003;</span>  Material: 60% Baumwolle, 40% Polyester<br><br>",j
49,Kleidung,Hoodie,Kinder,Rosa,Motto,Weiss,134/146/152/164,35€,Medien/Kleidung/Motto,"Klassischer Hoodie für coole Kids: Mit Kängurutasche zum Verbergen von Händen oder Schätzen und Kapuze zum Einkuscheln, Verstecken und gegen plötzliche Regenschauer. <br><br><span style ='color:green;font-weigth:bold;font-size:3vh;'>&#10003;</span>  aufgesetzte Bauchtasche<br><span style ='color:green;font-weigth:bold;font-size:3vh;'>&#10003;</span>  dicke Kapuze ohne störende Bändchen<br><span style ='color:green;font-weigth:bold;font-size:3vh;'>&#10003;</span>  Öffnung in der Innentasche und kleine Schlaufe an der Kapuze zum praktischen Befestigen von Kopfhörerkabeln<br><span style ='color:green;font-weigth:bold;font-size:3vh;'>&#10003;</span>  kuschelige Stoffqualität: 280 g/m²<br><span style ='color:green;font-weigth:bold;font-size:3vh;'>&#10003;</span>  Material: 80% Baumwolle, 20% Polyester<br><br>",j
50,Kleidung,T-Shirt,Herren,Weiss,Karte,Schwarz,S/M/L/XL/XXL,26€,Medien/Kleidung/Karte,"Das Premium T-Shirt bietet unendliche Kombinationsmöglichkeiten – egal ob drüber oder drunter. <br><br><span style ='color:green;font-weigth:bold;font-size:3vh;'>&#10003;</span>  Fair und nachhaltig produziert<br><span style ='color:green;font-weigth:bold;font-size:3vh;'>&#10003;</span>  Strapazierfähige Stoffqualität: 150 g/m²<br><span style ='color:green;font-weigth:bold;font-size:3vh;'>&#10003;</span>  Material: 100 % Baumwolle<br><br>",j
51,Kleidung,T-Shirt,Herren,Rot,Karte,Schwarz,S/M/L/XL/XXL,26€,Medien/Kleidung/Karte,"Das Premium T-Shirt bietet unendliche Kombinationsmöglichkeiten – egal ob drüber oder drunter. <br><br><span style ='color:green;font-weigth:bold;font-size:3vh;'>&#10003;</span>  Fair und nachhaltig produziert<br><span style ='color:green;font-weigth:bold;font-size:3vh;'>&#10003;</span>  Strapazierfähige Stoffqualität: 150 g/m²<br><span style ='color:green;font-weigth:bold;font-size:3vh;'>&#10003;</span>  Material: 65 % Baumwolle, 35 % Polyester<br><br>",j
52,Kleidung,T-Shirt,Herren,Dunkelblau,Karte,Weiss,S/M/L/XL/XXL,26€,Medien/Kleidung/Karte,"Das Premium T-Shirt bietet unendliche Kombinationsmöglichkeiten – egal ob drüber oder drunter. <br><br><span style ='color:green;font-weigth:bold;font-size:3vh;'>&#10003;</span>  Fair und nachhaltig produziert<br><span style ='color:green;font-weigth:bold;font-size:3vh;'>&#10003;</span>  Strapazierfähige Stoffqualität: 150 g/m²<br><span style ='color:green;font-weigth:bold;font-size:3vh;'>&#10003;</span>  Material: 50 % Baumwolle, 50 % Polyester<br><br>",j
53,Kleidung,T-Shirt,Herren,Schwarz,Karte,Weiss,S/M/L/XL/XXL,26€,Medien/Kleidung/Karte,"Das Premium T-Shirt bietet unendliche Kombinationsmöglichkeiten – egal ob drüber oder drunter. <br><br><span style ='color:green;font-weigth:bold;font-size:3vh;'>&#10003;</span>  Fair und nachhaltig produziert<br><span style ='color:green;font-weigth:bold;font-size:3vh;'>&#10003;</span>  Strapazierfähige Stoffqualität: 150 g/m²<br><span style ='color:green;font-weigth:bold;font-size:3vh;'>&#10003;</span>  Material: 50 % Baumwolle, 50 % Polyester<br><br>",j
54,Kleidung,T-Shirt,Herren,Schwarz,Hände,Blau,S/M/L/XL/XXL,26€,Medien/Kleidung/Haende,"Das Premium T-Shirt bietet unendliche Kombinationsmöglichkeiten – egal ob drüber oder drunter. <br><br><span style ='color:green;font-weigth:bold;font-size:3vh;'>&#10003;</span>  Fair und nachhaltig produziert<br><span style ='color:green;font-weigth:bold;font-size:3vh;'>&#10003;</span>  Strapazierfähige Stoffqualität: 150 g/m²<br><span style ='color:green;font-weigth:bold;font-size:3vh;'>&#10003;</span>  Material: 50 % Baumwolle, 50 % Polyester<br><br>",j
55,Kleidung,T-Shirt,Herren,Rot,Hände,Blau,S/M/L/XL/XXL,26€,Medien/Kleidung/Haende,"Das Premium T-Shirt bietet unendliche Kombinationsmöglichkeiten – egal ob drüber oder drunter. <br><br><span style ='color:green;font-weigth:bold;font-size:3vh;'>&#10003;</span>  Fair und nachhaltig produziert<br><span style ='color:green;font-weigth:bold;font-size:3vh;'>&#10003;</span>  Strapazierfähige Stoffqualität: 150 g/m²<br><span style ='color:green;font-weigth:bold;font-size:3vh;'>&#10003;</span>  Material: 65 % Baumwolle, 35 % Polyester<br><br>",j
56,Kleidung,T-Shirt,Herren,Weiss,Respekt,Blau,S/M/L/XL/XXL,26€,Medien/Kleidung/Respekt,"Das Premium T-Shirt bietet unendliche Kombinationsmöglichkeiten – egal ob drüber oder drunter. <br><br><span style ='color:green;font-weigth:bold;font-size:3vh;'>&#10003;</span>  Fair und nachhaltig produziert<br><span style ='color:green;font-weigth:bold;font-size:3vh;'>&#10003;</span>  Strapazierfähige Stoffqualität: 150 g/m²<br><span style ='color:green;font-weigth:bold;font-size:3vh;'>&#10003;</span>  Material: 100 % Baumwolle<br><br>",j
57,Kleidung,T-Shirt,Herren,Rot,Respekt,Blau,S/M/L/XL/XXL,26€,Medien/Kleidung/Respekt,"Das Premium T-Shirt bietet unendliche Kombinationsmöglichkeiten – egal ob drüber oder drunter. <br><br><span style ='color:green;font-weigth:bold;font-size:3vh;'>&#10003;</span>  Fair und nachhaltig produziert<br><span style ='color:green;font-weigth:bold;font-size:3vh;'>&#10003;</span>  Strapazierfähige Stoffqualität: 150 g/m²<br><span style ='color:green;font-weigth:bold;font-size:3vh;'>&#10003;</span>  Material: 65 % Baumwolle, 35 % Polyester<br><br>",j
58,Kleidung,T-Shirt,Herren,Schwarz,Respekt,Blau,S/M/L/XL/XXL,26€,Medien/Kleidung/Respekt,"Das Premium T-Shirt bietet unendliche Kombinationsmöglichkeiten – egal ob drüber oder drunter. <br><br><span style ='color:green;font-weigth:bold;font-size:3vh;'>&#10003;</span>  Fair und nachhaltig produziert<br><span style ='color:green;font-weigth:bold;font-size:3vh;'>&#10003;</span>  Strapazierfähige Stoffqualität: 150 g/m²<br><span style ='color:green;font-weigth:bold;font-size:3vh;'>&#10003;</span>  Material: 50 % Baumwolle, 50 % Polyester<br><br>",j
59,Kleidung,T-Shirt,Herren,Schwarz,Respekt,Rosa,S/M/L/XL/XXL,26€,Medien/Kleidung/Respekt,"Das Premium T-Shirt bietet unendliche Kombinationsmöglichkeiten – egal ob drüber oder drunter. <br><br><span style ='color:green;font-weigth:bold;font-size:3vh;'>&#10003;</span>  Fair und nachhaltig produziert<br><span style ='color:green;font-weigth:bold;font-size:3vh;'>&#10003;</span>  Strapazierfähige Stoffqualität: 150 g/m²<br><span style ='color:green;font-weigth:bold;font-size:3vh;'>&#10003;</span>  Material: 50 % Baumwolle, 50 % Polyester<br><br>",j
60,Kleidung,T-Shirt,Herren,Weiss,Respekt,Rosa,S/M/L/XL/XXL,26€,Medien/Kleidung/Respekt,"Das Premium T-Shirt bietet unendliche Kombinationsmöglichkeiten – egal ob drüber oder drunter. <br><br><span style ='color:green;font-weigth:bold;font-size:3vh;'>&#10003;</span>  Fair und nachhaltig produziert<br><span style ='color:green;font-weigth:bold;font-size:3vh;'>&#10003;</span>  Strapazierfähige Stoffqualität: 150 g/m²<br><span style ='color:green;font-weigth:bold;font-size:3vh;'>&#10003;</span>  Material: 100 % Baumwolle<br><br>",j
61,Kleidung,T-Shirt,Herren,Dunkelblau,Motto,Weiss/Rot,S/M/L/XL/XXL,26€,Medien/Kleidung/Motto,"Das Premium T-Shirt bietet unendliche Kombinationsmöglichkeiten – egal ob drüber oder drunter. <br><br><span style ='color:green;font-weigth:bold;font-size:3vh;'>&#10003;</span>  Fair und nachhaltig produziert<br><span style ='color:green;font-weigth:bold;font-size:3vh;'>&#10003;</span>  Strapazierfähige Stoffqualität: 150 g/m²<br><span style ='color:green;font-weigth:bold;font-size:3vh;'>&#10003;</span>  Material: 50 % Baumwolle, 50 % Polyester<br><br>",j
62,Kleidung,T-Shirt,Herren,Weiss,Motto,Weiss/Rot,S/M/L/XL/XXL,26€,Medien/Kleidung/Motto,"Das Premium T-Shirt bietet unendliche Kombinationsmöglichkeiten – egal ob drüber oder drunter. <br><br><span style ='color:green;font-weigth:bold;font-size:3vh;'>&#10003;</span>  Fair und nachhaltig produziert<br><span style ='color:green;font-weigth:bold;font-size:3vh;'>&#10003;</span>  Strapazierfähige Stoffqualität: 150 g/m²<br><span style ='color:green;font-weigth:bold;font-size:3vh;'>&#10003;</span>  Material: 100 % Baumwolle<br><br>",j
63,Kleidung,T-Shirt,Herren,Schwarz,Motto,Weiss/Rot,S/M/L/XL/XXL,26€,Medien/Kleidung/Motto,"Das Premium T-Shirt bietet unendliche Kombinationsmöglichkeiten – egal ob drüber oder drunter. <br><br><span style ='color:green;font-weigth:bold;font-size:3vh;'>&#10003;</span>  Fair und nachhaltig produziert<br><span style ='color:green;font-weigth:bold;font-size:3vh;'>&#10003;</span>  Strapazierfähige Stoffqualität: 150 g/m²<br><span style ='color:green;font-weigth:bold;font-size:3vh;'>&#10003;</span>  Material: 50 % Baumwolle, 50 % Polyester<br><br>",j
64,Kleidung,T-Shirt,Herren,Rot,Motto,Weiss,S/M/L/XL/XXL,26€,Medien/Kleidung/Motto,"Das Premium T-Shirt bietet unendliche Kombinationsmöglichkeiten – egal ob drüber oder drunter. <br><br><span style ='color:green;font-weigth:bold;font-size:3vh;'>&#10003;</span>  Fair und nachhaltig produziert<br><span style ='color:green;font-weigth:bold;font-size:3vh;'>&#10003;</span>  Strapazierfähige Stoffqualität: 150 g/m²<br><span style ='color:green;font-weigth:bold;font-size:3vh;'>&#10003;</span>  Material: 65 % Baumwolle, 35 % Polyester<br><br>",j
65,Praktisches,Flasche,N/A,Weiss,Respekt,Blau,N/A,18€,Medien/Praktisches,"Ob im Klassenraum oder bei der nächsten Wanderung – mit dieser Isolierflasche im edlen Design löschst Du jederzeit und überall Deinen Durst nach kalten oder warmen Getränken. Die Doppelwand-Isolierung aus Edelstahl sorgt für 24 Stunden kühle Erfrischung und 12 Stunden heiße Getränke. <br><br><span style ='color:green;font-weigth:bold;font-size:3vh;'>&#10003;</span>  Aus 100 % rostfreiem Stahl<br><span style ='color:green;font-weigth:bold;font-size:3vh;'>&#10003;</span>  Fassungsvermögen: 500 ml<br><span style ='color:orange;font-weigth:bold;font-size:2.5vh;'>&#9888;</span>  Nicht geeignet für die Spülmaschine, Kühltruhe und Mikrowelle<br><span style ='color:orange;font-weigth:bold;font-size:2.5vh;'>&#9888;</span>  Bitte von Hand spülen<br><span style ='color:green;font-weigth:bold;font-size:3vh;'>&#10003;</span>  BPA- & Phthalate-frei<br><br>",n
66,Praktisches,Flasche,N/A,Weiss,Karte,Schwarz,N/A,18€,Medien/Praktisches,"Ob im Klassenraum oder bei der nächsten Wanderung – mit dieser Isolierflasche im edlen Design löschst Du jederzeit und überall Deinen Durst nach kalten oder warmen Getränken. Die Doppelwand-Isolierung aus Edelstahl sorgt für 24 Stunden kühle Erfrischung und 12 Stunden heiße Getränke. <br><br><span style ='color:green;font-weigth:bold;font-size:3vh;'>&#10003;</span>  Aus 100 % rostfreiem Stahl<br><span style ='color:green;font-weigth:bold;font-size:3vh;'>&#10003;</span>  Fassungsvermögen: 500 ml<br><span style ='color:orange;font-weigth:bold;font-size:2.5vh;'>&#9888;</span>  Nicht geeignet für die Spülmaschine, Kühltruhe und Mikrowelle<br><span style ='color:orange;font-weigth:bold;font-size:2.5vh;'>&#9888;</span>  Bitte von Hand spülen<br><span style ='color:green;font-weigth:bold;font-size:3vh;'>&#10003;</span>  BPA- & Phthalate-frei<br><br>",n
67,Praktisches,Flasche,N/A,Weiss,Motto,Rot,N/A,18€,Medien/Praktisches,"Ob im Klassenraum oder bei der nächsten Wanderung – mit dieser Isolierflasche im edlen Design löschst Du jederzeit und überall Deinen Durst nach kalten oder warmen Getränken. Die Doppelwand-Isolierung aus Edelstahl sorgt für 24 Stunden kühle Erfrischung und 12 Stunden heiße Getränke. <br><br><span style ='color:green;font-weigth:bold;font-size:3vh;'>&#10003;</span>  Aus 100 % rostfreiem Stahl<br><span style ='color:green;font-weigth:bold;font-size:3vh;'>&#10003;</span>  Fassungsvermögen: 500 ml<br><span style ='color:orange;font-weigth:bold;font-size:2.5vh;'>&#9888;</span>  Nicht geeignet für die Spülmaschine, Kühltruhe und Mikrowelle<br><span style ='color:orange;font-weigth:bold;font-size:2.5vh;'>&#9888;</span>  Bitte von Hand spülen<br><span style ='color:green;font-weigth:bold;font-size:3vh;'>&#10003;</span>  BPA- & Phthalate-frei<br><br>",n
68,Praktisches,Flasche,N/A,Weiss,Logo,Weiss/Rot,N/A,18€,Medien/Praktisches,"Ob im Klassenraum oder bei der nächsten Wanderung – mit dieser Isolierflasche im edlen Design löschst Du jederzeit und überall Deinen Durst nach kalten oder warmen Getränken. Die Doppelwand-Isolierung aus Edelstahl sorgt für 24 Stunden kühle Erfrischung und 12 Stunden heiße Getränke. <br><br><span style ='color:green;font-weigth:bold;font-size:3vh;'>&#10003;</span>  Aus 100 % rostfreiem Stahl<br><span style ='color:green;font-weigth:bold;font-size:3vh;'>&#10003;</span>  Fassungsvermögen: 500 ml<br><span style ='color:orange;font-weigth:bold;font-size:2.5vh;'>&#9888;</span>  Nicht geeignet für die Spülmaschine, Kühltruhe und Mikrowelle<br><span style ='color:orange;font-weigth:bold;font-size:2.5vh;'>&#9888;</span>  Bitte von Hand spülen<br><span style ='color:green;font-weigth:bold;font-size:3vh;'>&#10003;</span>  BPA- & Phthalate-frei<br><br>",n
,,,,,,,,,,,
70,Kleidung,T-Shirt,Kinder,Weiss,Karte,Schwarz,146/152/158/164,23€,Medien/Kleidung/Karte,"Das Premium T-Shirt bietet unendliche Kombinationsmöglichkeiten – egal ob drüber oder drunter. <br><br><span style ='color:green;font-weigth:bold;font-size:3vh;'>&#10003;</span>  Fair und nachhaltig produziert<br><span style ='color:green;font-weigth:bold;font-size:3vh;'>&#10003;</span>  Strapazierfähige Stoffqualität: 150 g/m²<br><span style ='color:green;font-weigth:bold;font-size:3vh;'>&#10003;</span>  Material: 100 % Baumwolle<br><br>",j
71,Kleidung,T-Shirt,Kinder,Dunkelblau,Karte,Weiss,146/152/158/164,23€,Medien/Kleidung/Karte,"Das Premium T-Shirt bietet unendliche Kombinationsmöglichkeiten – egal ob drüber oder drunter. <br><br><span style ='color:green;font-weigth:bold;font-size:3vh;'>&#10003;</span>  Fair und nachhaltig produziert<br><span style ='color:green;font-weigth:bold;font-size:3vh;'>&#10003;</span>  Strapazierfähige Stoffqualität: 150 g/m²<br><span style ='color:green;font-weigth:bold;font-size:3vh;'>&#10003;</span>  Material: 50 % Baumwolle, 50 % Polyester<br><br>",j
72,Kleidung,T-Shirt,Kinder,Schwarz,Karte,Weiss,146/152/158/164,23€,Medien/Kleidung/Karte,"Das Premium T-Shirt bietet unendliche Kombinationsmöglichkeiten – egal ob drüber oder drunter. <br><br><span style ='color:green;font-weigth:bold;font-size:3vh;'>&#10003;</span>  Fair und nachhaltig produziert<br><span style ='color:green;font-weigth:bold;font-size:3vh;'>&#10003;</span>  Strapazierfähige Stoffqualität: 150 g/m²<br><span style ='color:green;font-weigth:bold;font-size:3vh;'>&#10003;</span>  Material: 50 % Baumwolle, 50 % Polyester<br><br>",j
73,Kleidung,T-Shirt,Kinder,Schwarz,Hände,Blau,146/152/158/164,23€,Medien/Kleidung/Haende,"Das Premium T-Shirt bietet unendliche Kombinationsmöglichkeiten – egal ob drüber oder drunter. <br><br><span style ='color:green;font-weigth:bold;font-size:3vh;'>&#10003;</span>  Fair und nachhaltig produziert<br><span style ='color:green;font-weigth:bold;font-size:3vh;'>&#10003;</span>  Strapazierfähige Stoffqualität: 150 g/m²<br><span style ='color:green;font-weigth:bold;font-size:3vh;'>&#10003;</span>  Material: 50 % Baumwolle, 50 % Polyester<br><br>",j
74,Kleidung,T-Shirt,Kinder,Weiss,Respekt,Blau,146/152/158/164,23€,Medien/Kleidung/Respekt,"Das Premium T-Shirt bietet unendliche Kombinationsmöglichkeiten – egal ob drüber oder drunter. <br><br><span style ='color:green;font-weigth:bold;font-size:3vh;'>&#10003;</span>  Fair und nachhaltig produziert<br><span style ='color:green;font-weigth:bold;font-size:3vh;'>&#10003;</span>  Strapazierfähige Stoffqualität: 150 g/m²<br><span style ='color:green;font-weigth:bold;font-size:3vh;'>&#10003;</span>  Material: 100 % Baumwolle<br><br>",j
75,Kleidung,T-Shirt,Kinder,Schwarz,Respekt,Blau,146/152/158/164,23€,Medien/Kleidung/Respekt,"Das Premium T-Shirt bietet unendliche Kombinationsmöglichkeiten – egal ob drüber oder drunter. <br><br><span style ='color:green;font-weigth:bold;font-size:3vh;'>&#10003;</span>  Fair und nachhaltig produziert<br><span style ='color:green;font-weigth:bold;font-size:3vh;'>&#10003;</span>  Strapazierfähige Stoffqualität: 150 g/m²<br><span style ='color:green;font-weigth:bold;font-size:3vh;'>&#10003;</span>  Material: 50 % Baumwolle, 50 % Polyester<br><br>",j
76,Kleidung,T-Shirt,Kinder,Schwarz,Respekt,Rosa,146/152/158/164,23€,Medien/Kleidung/Respekt,"Das Premium T-Shirt bietet unendliche Kombinationsmöglichkeiten – egal ob drüber oder drunter. <br><br><span style ='color:green;font-weigth:bold;font-size:3vh;'>&#10003;</span>  Fair und nachhaltig produziert<br><span style ='color:green;font-weigth:bold;font-size:3vh;'>&#10003;</span>  Strapazierfähige Stoffqualität: 150 g/m²<br><span style ='color:green;font-weigth:bold;font-size:3vh;'>&#10003;</span>  Material: 50 % Baumwolle, 50 % Polyester<br><br>",j
77,Kleidung,T-Shirt,Kinder,Weiss,Respekt,Rosa,146/152/158/164,23€,Medien/Kleidung/Respekt,"Das Premium T-Shirt bietet unendliche Kombinationsmöglichkeiten – egal ob drüber oder drunter. <br><br><span style ='color:green;font-weigth:bold;font-size:3vh;'>&#10003;</span>  Fair und nachhaltig produziert<br><span style ='color:green;font-weigth:bold;font-size:3vh;'>&#10003;</span>  Strapazierfähige Stoffqualität: 150 g/m²<br><span style ='color:green;font-weigth:bold;font-size:3vh;'>&#10003;</span>  Material: 100 % Baumwolle<br><br>",j
78,Kleidung,T-Shirt,Kinder,Dunkelblau,Motto,Weiss/Rot,146/152/158/164,23€,Medien/Kleidung/Motto,"Das Premium T-Shirt bietet unendliche Kombinationsmöglichkeiten – egal ob drüber oder drunter. <br><br><span style ='color:green;font-weigth:bold;font-size:3vh;'>&#10003;</span>  Fair und nachhaltig produziert<br><span style ='color:green;font-weigth:bold;font-size:3vh;'>&#10003;</span>  Strapazierfähige Stoffqualität: 150 g/m²<br><span style ='color:green;font-weigth:bold;font-size:3vh;'>&#10003;</span>  Material: 50 % Baumwolle, 50 % Polyester<br><br>",j
79,Kleidung,T-Shirt,Kinder,Weiss,Motto,Weiss/Rot,146/152/158/164,23€,Medien/Kleidung/Motto,"Das Premium T-Shirt bietet unendliche Kombinationsmöglichkeiten – egal ob drüber oder drunter. <br><br><span style ='color:green;font-weigth:bold;font-size:3vh;'>&#10003;</span>  Fair und nachhaltig produziert<br><span style ='color:green;font-weigth:bold;font-size:3vh;'>&#10003;</span>  Strapazierfähige Stoffqualität: 150 g/m²<br><span style ='color:green;font-weigth:bold;font-size:3vh;'>&#10003;</span>  Material: 100 % Baumwolle<br><br>",j
80,Kleidung,T-Shirt,Kinder,Schwarz,Motto,Weiss/Rot,146/152/158/164,23€,Medien/Kleidung/Motto,"Das Premium T-Shirt bietet unendliche Kombinationsmöglichkeiten – egal ob drüber oder drunter. <br><br><span style ='color:green;font-weigth:bold;font-size:3vh;'>&#10003;</span>  Fair und nachhaltig produziert<br><span style ='color:green;font-weigth:bold;font-size:3vh;'>&#10003;</span>  Strapazierfähige Stoffqualität: 150 g/m²<br><span style ='color:green;font-weigth:bold;font-size:3vh;'>&#10003;</span>  Material: 50 % Baumwolle, 50 % Polyester<br><br>",j
81,Praktisches,Turnbeutel,N/A,Schwarz,Hände,Weiss,N/A,14€,Medien/Praktisches,"Jetzt vergisst keiner mehr seinen Turnbeutel. Dieses praktische Exemplar ist die umweltfreundliche Alternative für Rucksack-Liebhaber. Damit ist es für sportliche Aktivitäten genauso gut geeignet wie für abenteuerliche Erkundungen im Großstadtdschungel. <br><br><span style ='color:green;font-weigth:bold;font-size:3vh;'>&#10003;</span>  Zusammenziehbarer Kordelzugverschluss zum leichten Öffnen und Schließen<br><span style ='color:green;font-weigth:bold;font-size:3vh;'>&#10003;</span>  Fassungsvermögen: 12 Liter<br><span style ='color:green;font-weigth:bold;font-size:3vh;'>&#10003;</span>  Stoffqualität: 130 g/m²<br><span style ='color:green;font-weigth:bold;font-size:3vh;'>&#10003;</span>  100 % Baumwolle<br><br>",j
82,Praktisches,Turnbeutel,N/A,Grau,Logo,Weiss,N/A,14€,Medien/Praktisches,"Jetzt vergisst keiner mehr seinen Turnbeutel. Dieses praktische Exemplar ist die umweltfreundliche Alternative für Rucksack-Liebhaber. Damit ist es für sportliche Aktivitäten genauso gut geeignet wie für abenteuerliche Erkundungen im Großstadtdschungel. <br><br><span style ='color:green;font-weigth:bold;font-size:3vh;'>&#10003;</span>  Zusammenziehbarer Kordelzugverschluss zum leichten Öffnen und Schließen<br><span style ='color:green;font-weigth:bold;font-size:3vh;'>&#10003;</span>  Fassungsvermögen: 12 Liter<br><span style ='color:green;font-weigth:bold;font-size:3vh;'>&#10003;</span>  Stoffqualität: 130 g/m²<br><span style ='color:green;font-weigth:bold;font-size:3vh;'>&#10003;</span>  100 % Baumwolle<br><br>",j
83,Praktisches,Turnbeutel,N/A,Schwarz,Logo,Weiss,N/A,14€,Medien/Praktisches,"Jetzt vergisst keiner mehr seinen Turnbeutel. Dieses praktische Exemplar ist die umweltfreundliche Alternative für Rucksack-Liebhaber. Damit ist es für sportliche Aktivitäten genauso gut geeignet wie für abenteuerliche Erkundungen im Großstadtdschungel. <br><br><span style ='color:green;font-weigth:bold;font-size:3vh;'>&#10003;</span>  Zusammenziehbarer Kordelzugverschluss zum leichten Öffnen und Schließen<br><span style ='color:green;font-weigth:bold;font-size:3vh;'>&#10003;</span>  Fassungsvermögen: 12 Liter<br><span style ='color:green;font-weigth:bold;font-size:3vh;'>&#10003;</span>  Stoffqualität: 130 g/m²<br><span style ='color:green;font-weigth:bold;font-size:3vh;'>&#10003;</span>  100 % Baumwolle<br><br>",j
84,Praktisches,Turnbeutel,N/A,Grau,Motto,Weiss,N/A,14€,Medien/Praktisches,"Jetzt vergisst keiner mehr seinen Turnbeutel. Dieses praktische Exemplar ist die umweltfreundliche Alternative für Rucksack-Liebhaber. Damit ist es für sportliche Aktivitäten genauso gut geeignet wie für abenteuerliche Erkundungen im Großstadtdschungel. <br><br><span style ='color:green;font-weigth:bold;font-size:3vh;'>&#10003;</span>  Zusammenziehbarer Kordelzugverschluss zum leichten Öffnen und Schließen<br><span style ='color:green;font-weigth:bold;font-size:3vh;'>&#10003;</span>  Fassungsvermögen: 12 Liter<br><span style ='color:green;font-weigth:bold;font-size:3vh;'>&#10003;</span>  Stoffqualität: 130 g/m²<br><span style ='color:green;font-weigth:bold;font-size:3vh;'>&#10003;</span>  100 % Baumwolle<br><br>",j
85,Praktisches,Turnbeutel,N/A,Schwarz,Motto,Gelb,N/A,14€,Medien/Praktisches,"Jetzt vergisst keiner mehr seinen Turnbeutel. Dieses praktische Exemplar ist die umweltfreundliche Alternative für Rucksack-Liebhaber. Damit ist es für sportliche Aktivitäten genauso gut geeignet wie für abenteuerliche Erkundungen im Großstadtdschungel. <br><br><span style ='color:green;font-weigth:bold;font-size:3vh;'>&#10003;</span>  Zusammenziehbarer Kordelzugverschluss zum leichten Öffnen und Schließen<br><span style ='color:green;font-weigth:bold;font-size:3vh;'>&#10003;</span>  Fassungsvermögen: 12 Liter<br><span style ='color:green;font-weigth:bold;font-size:3vh;'>&#10003;</span>  Stoffqualität: 130 g/m²<br><span style ='color:green;font-weigth:bold;font-size:3vh;'>&#10003;</span>  100 % Baumwolle<br><br>",j
86,Praktisches,Turnbeutel,N/A,Grau,Hände,N/A,N/A,14€,Medien/Praktisches,"Jetzt vergisst keiner mehr seinen Turnbeutel. Dieses praktische Exemplar ist die umweltfreundliche Alternative für Rucksack-Liebhaber. Damit ist es für sportliche Aktivitäten genauso gut geeignet wie für abenteuerliche Erkundungen im Großstadtdschungel. <br><br><span style ='color:green;font-weigth:bold;font-size:3vh;'>&#10003;</span>  Zusammenziehbarer Kordelzugverschluss zum leichten Öffnen und Schließen<br><span style ='color:green;font-weigth:bold;font-size:3vh;'>&#10003;</span>  Fassungsvermögen: 12 Liter<br><span style ='color:green;font-weigth:bold;font-size:3vh;'>&#10003;</span>  Stoffqualität: 130 g/m²<br><span style ='color:green;font-weigth:bold;font-size:3vh;'>&#10003;</span>  100 % Baumwolle<br><br>",j
,,,,,,,,,,,
,,,,,,,,,,,
,,,,,,,,,,,
90,Sonstiges,Teddy,N/A,Weiss,Motto,Rot,N/A,26€,Medien/Sonstiges,"Ob als Kuscheltier, bester Freund oder treuer Bettbewacher – der niedliche Kuschelteddy mit T-Shirt empfängt große und kleine Schmusebären mit offenen Armen. <br><br><span style ='color:green;font-weigth:bold;font-size:3vh;'>&#10003;</span>  Angenähte Knopfaugen aus Kunststoff<br><span style ='color:green;font-weigth:bold;font-size:3vh;'>&#10003;</span>  Samtig-weiches Plüschfell<br><span style ='color:green;font-weigth:bold;font-size:3vh;'>&#10003;</span>  Höhe sitzend: 20 cm (mit Ohren)<br><span style ='color:green;font-weigth:bold;font-size:3vh;'>&#10003;</span>  Gewicht: 77 g<br><span style ='color:green;font-weigth:bold;font-size:3vh;'>&#10003;</span>  Material: 100 % Polyester<br><br>",j
91,Sonstiges,Teddy,N/A,Schwarz,Motto,Rot,N/A,26€,Medien/Sonstiges,"Ob als Kuscheltier, bester Freund oder treuer Bettbewacher – der niedliche Kuschelteddy mit T-Shirt empfängt große und kleine Schmusebären mit offenen Armen. <br><br><span style ='color:green;font-weigth:bold;font-size:3vh;'>&#10003;</span>  Angenähte Knopfaugen aus Kunststoff<br><span style ='color:green;font-weigth:bold;font-size:3vh;'>&#10003;</span>  Samtig-weiches Plüschfell<br><span style ='color:green;font-weigth:bold;font-size:3vh;'>&#10003;</span>  Höhe sitzend: 20 cm (mit Ohren)<br><span style ='color:green;font-weigth:bold;font-size:3vh;'>&#10003;</span>  Gewicht: 77 g<br><span style ='color:green;font-weigth:bold;font-size:3vh;'>&#10003;</span>  Material: 100 % Polyester<br><br>",j
92,Sonstiges,Teddy,N/A,Weiss,Karte,Schwarz,N/A,26€,Medien/Sonstiges,"Ob als Kuscheltier, bester Freund oder treuer Bettbewacher – der niedliche Kuschelteddy mit T-Shirt empfängt große und kleine Schmusebären mit offenen Armen. <br><br><span style ='color:green;font-weigth:bold;font-size:3vh;'>&#10003;</span>  Angenähte Knopfaugen aus Kunststoff<br><span style ='color:green;font-weigth:bold;font-size:3vh;'>&#10003;</span>  Samtig-weiches Plüschfell<br><span style ='color:green;font-weigth:bold;font-size:3vh;'>&#10003;</span>  Höhe sitzend: 20 cm (mit Ohren)<br><span style ='color:green;font-weigth:bold;font-size:3vh;'>&#10003;</span>  Gewicht: 77 g<br><span style ='color:green;font-weigth:bold;font-size:3vh;'>&#10003;</span>  Material: 100 % Polyester<br><br>",j
93,Sonstiges,Teddy,N/A,Schwarz,Karte,Weiss,N/A,26€,Medien/Sonstiges,"Ob als Kuscheltier, bester Freund oder treuer Bettbewacher – der niedliche Kuschelteddy mit T-Shirt empfängt große und kleine Schmusebären mit offenen Armen. <br><br><span style ='color:green;font-weigth:bold;font-size:3vh;'>&#10003;</span>  Angenähte Knopfaugen aus Kunststoff<br><span style ='color:green;font-weigth:bold;font-size:3vh;'>&#10003;</span>  Samtig-weiches Plüschfell<br><span style ='color:green;font-weigth:bold;font-size:3vh;'>&#10003;</span>  Höhe sitzend: 20 cm (mit Ohren)<br><span style ='color:green;font-weigth:bold;font-size:3vh;'>&#10003;</span>  Gewicht: 77 g<br><span style ='color:green;font-weigth:bold;font-size:3vh;'>&#10003;</span>  Material: 100 % Polyester<br><br>",j
,,,,,,,,,,,
,,,,,,,,,,,
,,,,,,,,,,,
,,,,,,,,,,,
,,,,,,,,,,,
,,,,,,,,,,,
100,Kleidung,T-Shirt,Damen,Weiss,Karte,Schwarz,S/M/L/XL/XXL,25€,Medien/Kleidung/Karte,"Das Premium T-Shirt bietet unendliche Kombinationsmöglichkeiten – egal ob drüber oder drunter. <br><br><span style ='color:green;font-weigth:bold;font-size:3vh;'>&#10003;</span>  Fair und nachhaltig produziert<br><span style ='color:green;font-weigth:bold;font-size:3vh;'>&#10003;</span>  Strapazierfähige Stoffqualität: 150 g/m²<br><span style ='color:green;font-weigth:bold;font-size:3vh;'>&#10003;</span>  Material: 100 % Baumwolle<br><br>",j
101,Kleidung,T-Shirt,Damen,Rosa,Karte,Schwarz,S/M/L/XL/XXL,25€,Medien/Kleidung/Karte,"Das Premium T-Shirt bietet unendliche Kombinationsmöglichkeiten – egal ob drüber oder drunter. <br><br><span style ='color:green;font-weigth:bold;font-size:3vh;'>&#10003;</span>  Fair und nachhaltig produziert<br><span style ='color:green;font-weigth:bold;font-size:3vh;'>&#10003;</span>  Strapazierfähige Stoffqualität: 150 g/m²<br><span style ='color:green;font-weigth:bold;font-size:3vh;'>&#10003;</span>  Material: 65 % Baumwolle, 35 % Polyester<br><br>",j
102,Kleidung,T-Shirt,Damen,Dunkelblau,Karte,Weiss,S/M/L/XL/XXL,25€,Medien/Kleidung/Karte,"Das Premium T-Shirt bietet unendliche Kombinationsmöglichkeiten – egal ob drüber oder drunter. <br><br><span style ='color:green;font-weigth:bold;font-size:3vh;'>&#10003;</span>  Fair und nachhaltig produziert<br><span style ='color:green;font-weigth:bold;font-size:3vh;'>&#10003;</span>  Strapazierfähige Stoffqualität: 150 g/m²<br><span style ='color:green;font-weigth:bold;font-size:3vh;'>&#10003;</span>  Material: 50 % Baumwolle, 50 % Polyester<br><br>",j
103,Kleidung,T-Shirt,Damen,Schwarz,Karte,Weiss,S/M/L/XL/XXL,25€,Medien/Kleidung/Karte,"Das Premium T-Shirt bietet unendliche Kombinationsmöglichkeiten – egal ob drüber oder drunter. <br><br><span style ='color:green;font-weigth:bold;font-size:3vh;'>&#10003;</span>  Fair und nachhaltig produziert<br><span style ='color:green;font-weigth:bold;font-size:3vh;'>&#10003;</span>  Strapazierfähige Stoffqualität: 150 g/m²<br><span style ='color:green;font-weigth:bold;font-size:3vh;'>&#10003;</span>  Material: 50 % Baumwolle, 50 % Polyester<br><br>",j
104,Kleidung,T-Shirt,Damen,Schwarz,Hände,Rosa,S/M/L/XL/XXL,25€,Medien/Kleidung/Haende,"Das Premium T-Shirt bietet unendliche Kombinationsmöglichkeiten – egal ob drüber oder drunter. <br><br><span style ='color:green;font-weigth:bold;font-size:3vh;'>&#10003;</span>  Fair und nachhaltig produziert<br><span style ='color:green;font-weigth:bold;font-size:3vh;'>&#10003;</span>  Strapazierfähige Stoffqualität: 150 g/m²<br><span style ='color:green;font-weigth:bold;font-size:3vh;'>&#10003;</span>  Material: 50 % Baumwolle, 50 % Polyester<br><br>",j
105,Kleidung,T-Shirt,Damen,Dunkelblau,Hände,Rosa,S/M/L/XL/XXL,25€,Medien/Kleidung/Haende,"Das Premium T-Shirt bietet unendliche Kombinationsmöglichkeiten – egal ob drüber oder drunter. <br><br><span style ='color:green;font-weigth:bold;font-size:3vh;'>&#10003;</span>  Fair und nachhaltig produziert<br><span style ='color:green;font-weigth:bold;font-size:3vh;'>&#10003;</span>  Strapazierfähige Stoffqualität: 150 g/m²<br><span style ='color:green;font-weigth:bold;font-size:3vh;'>&#10003;</span>  Material: 50 % Baumwolle, 50 % Polyester<br><br>",j
106,Kleidung,T-Shirt,Damen,Dunkelblau,Respekt,Blau,S/M/L/XL/XXL,25€,Medien/Kleidung/Respekt,"Das Premium T-Shirt bietet unendliche Kombinationsmöglichkeiten – egal ob drüber oder drunter. <br><br><span style ='color:green;font-weigth:bold;font-size:3vh;'>&#10003;</span>  Fair und nachhaltig produziert<br><span style ='color:green;font-weigth:bold;font-size:3vh;'>&#10003;</span>  Strapazierfähige Stoffqualität: 150 g/m²<br><span style ='color:green;font-weigth:bold;font-size:3vh;'>&#10003;</span>  Material: 50 % Baumwolle, 50 % Polyester<br><br>",j
107,Kleidung,T-Shirt,Damen,Weiss,Respekt,Blau,S/M/L/XL/XXL,25€,Medien/Kleidung/Respekt,"Das Premium T-Shirt bietet unendliche Kombinationsmöglichkeiten – egal ob drüber oder drunter. <br><br><span style ='color:green;font-weigth:bold;font-size:3vh;'>&#10003;</span>  Fair und nachhaltig produziert<br><span style ='color:green;font-weigth:bold;font-size:3vh;'>&#10003;</span>  Strapazierfähige Stoffqualität: 150 g/m²<br><span style ='color:green;font-weigth:bold;font-size:3vh;'>&#10003;</span>  Material: 100 % Baumwolle<br><br>",j
108,Kleidung,T-Shirt,Damen,Schwarz,Respekt,Blau,S/M/L/XL/XXL,25€,Medien/Kleidung/Respekt,"Das Premium T-Shirt bietet unendliche Kombinationsmöglichkeiten – egal ob drüber oder drunter. <br><br><span style ='color:green;font-weigth:bold;font-size:3vh;'>&#10003;</span>  Fair und nachhaltig produziert<br><span style ='color:green;font-weigth:bold;font-size:3vh;'>&#10003;</span>  Strapazierfähige Stoffqualität: 150 g/m²<br><span style ='color:green;font-weigth:bold;font-size:3vh;'>&#10003;</span>  Material: 50 % Baumwolle, 50 % Polyester<br><br>",j
109,Kleidung,T-Shirt,Damen,Rosa,Respekt,Blau,S/M/L/XL/XXL,25€,Medien/Kleidung/Respekt,"Das Premium T-Shirt bietet unendliche Kombinationsmöglichkeiten – egal ob drüber oder drunter. <br><br><span style ='color:green;font-weigth:bold;font-size:3vh;'>&#10003;</span>  Fair und nachhaltig produziert<br><span style ='color:green;font-weigth:bold;font-size:3vh;'>&#10003;</span>  Strapazierfähige Stoffqualität: 150 g/m²<br><span style ='color:green;font-weigth:bold;font-size:3vh;'>&#10003;</span>  Material: 65 % Baumwolle, 35 % Polyester<br><br>",j
110,Kleidung,T-Shirt,Damen,Schwarz,Motto,Weiss,S/M/L/XL/XXL,25€,Medien/Kleidung/Motto,"Das Premium T-Shirt bietet unendliche Kombinationsmöglichkeiten – egal ob drüber oder drunter. <br><br><span style ='color:green;font-weigth:bold;font-size:3vh;'>&#10003;</span>  Fair und nachhaltig produziert<br><span style ='color:green;font-weigth:bold;font-size:3vh;'>&#10003;</span>  Strapazierfähige Stoffqualität: 150 g/m²<br><span style ='color:green;font-weigth:bold;font-size:3vh;'>&#10003;</span>  Material: 50 % Baumwolle, 50 % Polyester<br><br>",j
111,Kleidung,T-Shirt,Damen,Dunkelblau,Motto,Weiss,S/M/L/XL/XXL,25€,Medien/Kleidung/Motto,"Das Premium T-Shirt bietet unendliche Kombinationsmöglichkeiten – egal ob drüber oder drunter. <br><br><span style ='color:green;font-weigth:bold;font-size:3vh;'>&#10003;</span>  Fair und nachhaltig produziert<br><span style ='color:green;font-weigth:bold;font-size:3vh;'>&#10003;</span>  Strapazierfähige Stoffqualität: 150 g/m²<br><span style ='color:green;font-weigth:bold;font-size:3vh;'>&#10003;</span>  Material: 50 % Baumwolle, 50 % Polyester<br><br>",j
112,Kleidung,T-Shirt,Damen,Rosa,Motto,Weiss,S/M/L/XL/XXL,25€,Medien/Kleidung/Motto,"Das Premium T-Shirt bietet unendliche Kombinationsmöglichkeiten – egal ob drüber oder drunter. <br><br><span style ='color:green;font-weigth:bold;font-size:3vh;'>&#10003;</span>  Fair und nachhaltig produziert<br><span style ='color:green;font-weigth:bold;font-size:3vh;'>&#10003;</span>  Strapazierfähige Stoffqualität: 150 g/m²<br><span style ='color:green;font-weigth:bold;font-size:3vh;'>&#10003;</span>  Material: 65 % Baumwolle, 35 % Polyester<br><br>",j
,,,,,,,,,,,
114,Kleidung,T-Shirt,Damen,Weiss,Motto,Weiss/Rot,S/M/L/XL/XXL,25€,Medien/Kleidung/Motto,"Das Premium T-Shirt bietet unendliche Kombinationsmöglichkeiten – egal ob drüber oder drunter. <br><br><span style ='color:green;font-weigth:bold;font-size:3vh;'>&#10003;</span>  Fair und nachhaltig produziert<br><span style ='color:green;font-weigth:bold;font-size:3vh;'>&#10003;</span>  Strapazierfähige Stoffqualität: 150 g/m²<br><span style ='color:green;font-weigth:bold;font-size:3vh;'>&#10003;</span>  Material: 100 % Baumwolle<br><br>",j
,,,,,,,,,,,
,,,,,,,,,,,
,,,,,,,,,,,
,,,,,,,,,,,
,,,,,,,,,,,
120,Kleidung,Jacke,Unisex,Rot,Motto,N/A,S/M/L/XL/XXL,35€,Medien/Kleidung/Motto,"Eine für alle Fälle. Die Kapuzenjacke von Just Hoods ist die perfekte Begleiterin bei Sport, Spiel und in der Freizeit. Weich gefüttert und mit aufgesetzten Taschen für die wichtigen Dinge des Lebens. <br><br><span style ='color:green;font-weigth:bold;font-size:3vh;'>&#10003;</span>  Doppellagige Kapuze mit gleichfarbiger Kordel sowie gerippten Bündchen an Saum und Ärmeln<br><span style ='color:green;font-weigth:bold;font-size:3vh;'>&#10003;</span>  Mit zwei aufgesetzten Taschen, Doppelnaht-Details und durchgehendem, verdeckten Reißverschluss<br><span style ='color:green;font-weigth:bold;font-size:3vh;'>&#10003;</span>  Weiches, gebürstetes Innenvlies<br><span style ='color:green;font-weigth:bold;font-size:3vh;'>&#10003;</span>  Stoffdichte: 280 g/m²<br><span style ='color:green;font-weigth:bold;font-size:3vh;'>&#10003;</span>  Material: 80 % Baumwolle, 20 % Polyester<br><br>",j
121,Kleidung,Jacke,Unisex,Schwarz,Motto,N/A,S/M/L/XL/XXL,35€,Medien/Kleidung/Motto,"Eine für alle Fälle. Die Kapuzenjacke von Just Hoods ist die perfekte Begleiterin bei Sport, Spiel und in der Freizeit. Weich gefüttert und mit aufgesetzten Taschen für die wichtigen Dinge des Lebens. <br><br><span style ='color:green;font-weigth:bold;font-size:3vh;'>&#10003;</span>  Doppellagige Kapuze mit gleichfarbiger Kordel sowie gerippten Bündchen an Saum und Ärmeln<br><span style ='color:green;font-weigth:bold;font-size:3vh;'>&#10003;</span>  Mit zwei aufgesetzten Taschen, Doppelnaht-Details und durchgehendem, verdeckten Reißverschluss<br><span style ='color:green;font-weigth:bold;font-size:3vh;'>&#10003;</span>  Weiches, gebürstetes Innenvlies<br><span style ='color:green;font-weigth:bold;font-size:3vh;'>&#10003;</span>  Stoffdichte: 280 g/m²<br><span style ='color:green;font-weigth:bold;font-size:3vh;'>&#10003;</span>  Material: 52 % Baumwolle, 48 % Polyester<br><br>",j
122,Kleidung,Jacke,Unisex,Dunkelblau,Motto,N/A,S/M/L/XL/XXL,35€,Medien/Kleidung/Motto,"Eine für alle Fälle. Die Kapuzenjacke von Just Hoods ist die perfekte Begleiterin bei Sport, Spiel und in der Freizeit. Weich gefüttert und mit aufgesetzten Taschen für die wichtigen Dinge des Lebens. <br><br><span style ='color:green;font-weigth:bold;font-size:3vh;'>&#10003;</span>  Doppellagige Kapuze mit gleichfarbiger Kordel sowie gerippten Bündchen an Saum und Ärmeln<br><span style ='color:green;font-weigth:bold;font-size:3vh;'>&#10003;</span>  Mit zwei aufgesetzten Taschen, Doppelnaht-Details und durchgehendem, verdeckten Reißverschluss<br><span style ='color:green;font-weigth:bold;font-size:3vh;'>&#10003;</span>  Weiches, gebürstetes Innenvlies<br><span style ='color:green;font-weigth:bold;font-size:3vh;'>&#10003;</span>  Stoffdichte: 280 g/m²<br><span style ='color:green;font-weigth:bold;font-size:3vh;'>&#10003;</span>  Material: 80 % Baumwolle, 20 % Polyester<br><br>",j
123,Kleidung,Jacke,Unisex,Grau,Motto,N/A,S/M/L/XL/XXL,35€,Medien/Kleidung/Motto,"Eine für alle Fälle. Die Kapuzenjacke von Just Hoods ist die perfekte Begleiterin bei Sport, Spiel und in der Freizeit. Weich gefüttert und mit aufgesetzten Taschen für die wichtigen Dinge des Lebens. <br><br><span style ='color:green;font-weigth:bold;font-size:3vh;'>&#10003;</span>  Doppellagige Kapuze mit gleichfarbiger Kordel sowie gerippten Bündchen an Saum und Ärmeln<br><span style ='color:green;font-weigth:bold;font-size:3vh;'>&#10003;</span>  Mit zwei aufgesetzten Taschen, Doppelnaht-Details und durchgehendem, verdeckten Reißverschluss<br><span style ='color:green;font-weigth:bold;font-size:3vh;'>&#10003;</span>  Weiches, gebürstetes Innenvlies<br><span style ='color:green;font-weigth:bold;font-size:3vh;'>&#10003;</span>  Stoffdichte: 280 g/m²<br><span style ='color:green;font-weigth:bold;font-size:3vh;'>&#10003;</span>  Material: 75 % Baumwolle, 25 % Polyester<br><br>",j
124,Kleidung,Jacke,Unisex,Grau,Hände,N/A,S/M/L/XL/XXL,35€,Medien/Kleidung/Haende,"Eine für alle Fälle. Die Kapuzenjacke von Just Hoods ist die perfekte Begleiterin bei Sport, Spiel und in der Freizeit. Weich gefüttert und mit aufgesetzten Taschen für die wichtigen Dinge des Lebens. <br><br><span style ='color:green;font-weigth:bold;font-size:3vh;'>&#10003;</span>  Doppellagige Kapuze mit gleichfarbiger Kordel sowie gerippten Bündchen an Saum und Ärmeln<br><span style ='color:green;font-weigth:bold;font-size:3vh;'>&#10003;</span>  Mit zwei aufgesetzten Taschen, Doppelnaht-Details und durchgehendem, verdeckten Reißverschluss<br><span style ='color:green;font-weigth:bold;font-size:3vh;'>&#10003;</span>  Weiches, gebürstetes Innenvlies<br><span style ='color:green;font-weigth:bold;font-size:3vh;'>&#10003;</span>  Stoffdichte: 280 g/m²<br><span style ='color:green;font-weigth:bold;font-size:3vh;'>&#10003;</span>  Material: 75 % Baumwolle, 25 % Polyester<br><br>",j
125,Kleidung,Jacke,Unisex,Dunkelblau,Hände,N/A,S/M/L/XL/XXL,35€,Medien/Kleidung/Haende,"Eine für alle Fälle. Die Kapuzenjacke von Just Hoods ist die perfekte Begleiterin bei Sport, Spiel und in der Freizeit. Weich gefüttert und mit aufgesetzten Taschen für die wichtigen Dinge des Lebens. <br><br><span style ='color:green;font-weigth:bold;font-size:3vh;'>&#10003;</span>  Doppellagige Kapuze mit gleichfarbiger Kordel sowie gerippten Bündchen an Saum und Ärmeln<br><span style ='color:green;font-weigth:bold;font-size:3vh;'>&#10003;</span>  Mit zwei aufgesetzten Taschen, Doppelnaht-Details und durchgehendem, verdeckten Reißverschluss<br><span style ='color:green;font-weigth:bold;font-size:3vh;'>&#10003;</span>  Weiches, gebürstetes Innenvlies<br><span style ='color:green;font-weigth:bold;font-size:3vh;'>&#10003;</span>  Stoffdichte: 280 g/m²<br><span style ='color:green;font-weigth:bold;font-size:3vh;'>&#10003;</span>  Material: 80 % Baumwolle, 20 % Polyester<br><br>",j
126,Kleidung,Jacke,Unisex,Rot,Hände,N/A,S/M/L/XL/XXL,35€,Medien/Kleidung/Haende,"Eine für alle Fälle. Die Kapuzenjacke von Just Hoods ist die perfekte Begleiterin bei Sport, Spiel und in der Freizeit. Weich gefüttert und mit aufgesetzten Taschen für die wichtigen Dinge des Lebens. <br><br><span style ='color:green;font-weigth:bold;font-size:3vh;'>&#10003;</span>  Doppellagige Kapuze mit gleichfarbiger Kordel sowie gerippten Bündchen an Saum und Ärmeln<br><span style ='color:green;font-weigth:bold;font-size:3vh;'>&#10003;</span>  Mit zwei aufgesetzten Taschen, Doppelnaht-Details und durchgehendem, verdeckten Reißverschluss<br><span style ='color:green;font-weigth:bold;font-size:3vh;'>&#10003;</span>  Weiches, gebürstetes Innenvlies<br><span style ='color:green;font-weigth:bold;font-size:3vh;'>&#10003;</span>  Stoffdichte: 280 g/m²<br><span style ='color:green;font-weigth:bold;font-size:3vh;'>&#10003;</span>  Material: 80 % Baumwolle, 20 % Polyester<br><br>",j
127,Kleidung,Jacke,Unisex,Schwarz,Hände,N/A,S/M/L/XL/XXL,35€,Medien/Kleidung/Haende,"Eine für alle Fälle. Die Kapuzenjacke von Just Hoods ist die perfekte Begleiterin bei Sport, Spiel und in der Freizeit. Weich gefüttert und mit aufgesetzten Taschen für die wichtigen Dinge des Lebens. <br><br><span style ='color:green;font-weigth:bold;font-size:3vh;'>&#10003;</span>  Doppellagige Kapuze mit gleichfarbiger Kordel sowie gerippten Bündchen an Saum und Ärmeln<br><span style ='color:green;font-weigth:bold;font-size:3vh;'>&#10003;</span>  Mit zwei aufgesetzten Taschen, Doppelnaht-Details und durchgehendem, verdeckten Reißverschluss<br><span style ='color:green;font-weigth:bold;font-size:3vh;'>&#10003;</span>  Weiches, gebürstetes Innenvlies<br><span style ='color:green;font-weigth:bold;font-size:3vh;'>&#10003;</span>  Stoffdichte: 280 g/m²<br><span style ='color:green;font-weigth:bold;font-size:3vh;'>&#10003;</span>  Material: 52 % Baumwolle, 48 % Polyester<br><br>",j
128,Kleidung,Jacke,Unisex,Schwarz,Karte,N/A,S/M/L/XL/XXL,35€,Medien/Kleidung/Karte,"Eine für alle Fälle. Die Kapuzenjacke von Just Hoods ist die perfekte Begleiterin bei Sport, Spiel und in der Freizeit. Weich gefüttert und mit aufgesetzten Taschen für die wichtigen Dinge des Lebens. <br><br><span style ='color:green;font-weigth:bold;font-size:3vh;'>&#10003;</span>  Doppellagige Kapuze mit gleichfarbiger Kordel sowie gerippten Bündchen an Saum und Ärmeln<br><span style ='color:green;font-weigth:bold;font-size:3vh;'>&#10003;</span>  Mit zwei aufgesetzten Taschen, Doppelnaht-Details und durchgehendem, verdeckten Reißverschluss<br><span style ='color:green;font-weigth:bold;font-size:3vh;'>&#10003;</span>  Weiches, gebürstetes Innenvlies<br><span style ='color:green;font-weigth:bold;font-size:3vh;'>&#10003;</span>  Stoffdichte: 280 g/m²<br><span style ='color:green;font-weigth:bold;font-size:3vh;'>&#10003;</span>  Material: 52 % Baumwolle, 48 % Polyester<br><br>",j
129,Kleidung,Jacke,Unisex,Rot,Karte,N/A,S/M/L/XL/XXL,35€,Medien/Kleidung/Karte,"Eine für alle Fälle. Die Kapuzenjacke von Just Hoods ist die perfekte Begleiterin bei Sport, Spiel und in der Freizeit. Weich gefüttert und mit aufgesetzten Taschen für die wichtigen Dinge des Lebens. <br><br><span style ='color:green;font-weigth:bold;font-size:3vh;'>&#10003;</span>  Doppellagige Kapuze mit gleichfarbiger Kordel sowie gerippten Bündchen an Saum und Ärmeln<br><span style ='color:green;font-weigth:bold;font-size:3vh;'>&#10003;</span>  Mit zwei aufgesetzten Taschen, Doppelnaht-Details und durchgehendem, verdeckten Reißverschluss<br><span style ='color:green;font-weigth:bold;font-size:3vh;'>&#10003;</span>  Weiches, gebürstetes Innenvlies<br><span style ='color:green;font-weigth:bold;font-size:3vh;'>&#10003;</span>  Stoffdichte: 280 g/m²<br><span style ='color:green;font-weigth:bold;font-size:3vh;'>&#10003;</span>  Material: 80 % Baumwolle, 20 % Polyester<br><br>",j
130,Kleidung,Jacke,Unisex,Grau,Karte,N/A,S/M/L/XL/XXL,35€,Medien/Kleidung/Karte,"Eine für alle Fälle. Die Kapuzenjacke von Just Hoods ist die perfekte Begleiterin bei Sport, Spiel und in der Freizeit. Weich gefüttert und mit aufgesetzten Taschen für die wichtigen Dinge des Lebens. <br><br><span style ='color:green;font-weigth:bold;font-size:3vh;'>&#10003;</span>  Doppellagige Kapuze mit gleichfarbiger Kordel sowie gerippten Bündchen an Saum und Ärmeln<br><span style ='color:green;font-weigth:bold;font-size:3vh;'>&#10003;</span>  Mit zwei aufgesetzten Taschen, Doppelnaht-Details und durchgehendem, verdeckten Reißverschluss<br><span style ='color:green;font-weigth:bold;font-size:3vh;'>&#10003;</span>  Weiches, gebürstetes Innenvlies<br><span style ='color:green;font-weigth:bold;font-size:3vh;'>&#10003;</span>  Stoffdichte: 280 g/m²<br><span style ='color:green;font-weigth:bold;font-size:3vh;'>&#10003;</span>  Material: 75 % Baumwolle, 25 % Polyester<br><br>",j
131,Kleidung,Jacke,Unisex,Dunkelblau,Karte,N/A,S/M/L/XL/XXL,35€,Medien/Kleidung/Karte,"Eine für alle Fälle. Die Kapuzenjacke von Just Hoods ist die perfekte Begleiterin bei Sport, Spiel und in der Freizeit. Weich gefüttert und mit aufgesetzten Taschen für die wichtigen Dinge des Lebens. <br><br><span style ='color:green;font-weigth:bold;font-size:3vh;'>&#10003;</span>  Doppellagige Kapuze mit gleichfarbiger Kordel sowie gerippten Bündchen an Saum und Ärmeln<br><span style ='color:green;font-weigth:bold;font-size:3vh;'>&#10003;</span>  Mit zwei aufgesetzten Taschen, Doppelnaht-Details und durchgehendem, verdeckten Reißverschluss<br><span style ='color:green;font-weigth:bold;font-size:3vh;'>&#10003;</span>  Weiches, gebürstetes Innenvlies<br><span style ='color:green;font-weigth:bold;font-size:3vh;'>&#10003;</span>  Stoffdichte: 280 g/m²<br><span style ='color:green;font-weigth:bold;font-size:3vh;'>&#10003;</span>  Material: 80 % Baumwolle, 20 % Polyester<br><br>",j
132,Kleidung,Jacke,Unisex,Dunkelblau,Respekt,N/A,S/M/L/XL/XXL,35€,Medien/Kleidung/Respekt,"Eine für alle Fälle. Die Kapuzenjacke von Just Hoods ist die perfekte Begleiterin bei Sport, Spiel und in der Freizeit. Weich gefüttert und mit aufgesetzten Taschen für die wichtigen Dinge des Lebens. <br><br><span style ='color:green;font-weigth:bold;font-size:3vh;'>&#10003;</span>  Doppellagige Kapuze mit gleichfarbiger Kordel sowie gerippten Bündchen an Saum und Ärmeln<br><span style ='color:green;font-weigth:bold;font-size:3vh;'>&#10003;</span>  Mit zwei aufgesetzten Taschen, Doppelnaht-Details und durchgehendem, verdeckten Reißverschluss<br><span style ='color:green;font-weigth:bold;font-size:3vh;'>&#10003;</span>  Weiches, gebürstetes Innenvlies<br><span style ='color:green;font-weigth:bold;font-size:3vh;'>&#10003;</span>  Stoffdichte: 280 g/m²<br><span style ='color:green;font-weigth:bold;font-size:3vh;'>&#10003;</span>  Material: 80 % Baumwolle, 20 % Polyester<br><br>",j
133,Kleidung,Jacke,Unisex,Grau,Respekt,N/A,S/M/L/XL/XXL,35€,Medien/Kleidung/Respekt,"Eine für alle Fälle. Die Kapuzenjacke von Just Hoods ist die perfekte Begleiterin bei Sport, Spiel und in der Freizeit. Weich gefüttert und mit aufgesetzten Taschen für die wichtigen Dinge des Lebens. <br><br><span style ='color:green;font-weigth:bold;font-size:3vh;'>&#10003;</span>  Doppellagige Kapuze mit gleichfarbiger Kordel sowie gerippten Bündchen an Saum und Ärmeln<br><span style ='color:green;font-weigth:bold;font-size:3vh;'>&#10003;</span>  Mit zwei aufgesetzten Taschen, Doppelnaht-Details und durchgehendem, verdeckten Reißverschluss<br><span style ='color:green;font-weigth:bold;font-size:3vh;'>&#10003;</span>  Weiches, gebürstetes Innenvlies<br><span style ='color:green;font-weigth:bold;font-size:3vh;'>&#10003;</span>  Stoffdichte: 280 g/m²<br><span style ='color:green;font-weigth:bold;font-size:3vh;'>&#10003;</span>  Material: 75 % Baumwolle, 25 % Polyester<br><br>",j
134,Kleidung,Jacke,Unisex,Schwarz,Respekt,N/A,S/M/L/XL/XXL,35€,Medien/Kleidung/Respekt,"Eine für alle Fälle. Die Kapuzenjacke von Just Hoods ist die perfekte Begleiterin bei Sport, Spiel und in der Freizeit. Weich gefüttert und mit aufgesetzten Taschen für die wichtigen Dinge des Lebens. <br><br><span style ='color:green;font-weigth:bold;font-size:3vh;'>&#10003;</span>  Doppellagige Kapuze mit gleichfarbiger Kordel sowie gerippten Bündchen an Saum und Ärmeln<br><span style ='color:green;font-weigth:bold;font-size:3vh;'>&#10003;</span>  Mit zwei aufgesetzten Taschen, Doppelnaht-Details und durchgehendem, verdeckten Reißverschluss<br><span style ='color:green;font-weigth:bold;font-size:3vh;'>&#10003;</span>  Weiches, gebürstetes Innenvlies<br><span style ='color:green;font-weigth:bold;font-size:3vh;'>&#10003;</span>  Stoffdichte: 280 g/m²<br><span style ='color:green;font-weigth:bold;font-size:3vh;'>&#10003;</span>  Material: 52 % Baumwolle, 48 % Polyester<br><br>",j
135,Kleidung,Jacke,Unisex,Schwarz,Respekt,N/A,S/M/L/XL/XXL,35€,Medien/Kleidung/Respekt,"Eine für alle Fälle. Die Kapuzenjacke von Just Hoods ist die perfekte Begleiterin bei Sport, Spiel und in der Freizeit. Weich gefüttert und mit aufgesetzten Taschen für die wichtigen Dinge des Lebens. <br><br><span style ='color:green;font-weigth:bold;font-size:3vh;'>&#10003;</span>  Doppellagige Kapuze mit gleichfarbiger Kordel sowie gerippten Bündchen an Saum und Ärmeln<br><span style ='color:green;font-weigth:bold;font-size:3vh;'>&#10003;</span>  Mit zwei aufgesetzten Taschen, Doppelnaht-Details und durchgehendem, verdeckten Reißverschluss<br><span style ='color:green;font-weigth:bold;font-size:3vh;'>&#10003;</span>  Weiches, gebürstetes Innenvlies<br><span style ='color:green;font-weigth:bold;font-size:3vh;'>&#10003;</span>  Stoffdichte: 280 g/m²<br><span style ='color:green;font-weigth:bold;font-size:3vh;'>&#10003;</span>  Material: 52 % Baumwolle, 48 % Polyester<br><br>",j
136,Kleidung,Jacke,Unisex,Rot,Respekt,N/A,S/M/L/XL/XXL,35€,Medien/Kleidung/Respekt,"Eine für alle Fälle. Die Kapuzenjacke von Just Hoods ist die perfekte Begleiterin bei Sport, Spiel und in der Freizeit. Weich gefüttert und mit aufgesetzten Taschen für die wichtigen Dinge des Lebens. <br><br><span style ='color:green;font-weigth:bold;font-size:3vh;'>&#10003;</span>  Doppellagige Kapuze mit gleichfarbiger Kordel sowie gerippten Bündchen an Saum und Ärmeln<br><span style ='color:green;font-weigth:bold;font-size:3vh;'>&#10003;</span>  Mit zwei aufgesetzten Taschen, Doppelnaht-Details und durchgehendem, verdeckten Reißverschluss<br><span style ='color:green;font-weigth:bold;font-size:3vh;'>&#10003;</span>  Weiches, gebürstetes Innenvlies<br><span style ='color:green;font-weigth:bold;font-size:3vh;'>&#10003;</span>  Stoffdichte: 280 g/m²<br><span style ='color:green;font-weigth:bold;font-size:3vh;'>&#10003;</span>  Material: 80 % Baumwolle, 20 % Polyester<br><br>",j
137,Kleidung,Jacke,Unisex,Grau,Respekt,N/A,S/M/L/XL/XXL,35€,Medien/Kleidung/Respekt,"Eine für alle Fälle. Die Kapuzenjacke von Just Hoods ist die perfekte Begleiterin bei Sport, Spiel und in der Freizeit. Weich gefüttert und mit aufgesetzten Taschen für die wichtigen Dinge des Lebens. <br><br><span style ='color:green;font-weigth:bold;font-size:3vh;'>&#10003;</span>  Doppellagige Kapuze mit gleichfarbiger Kordel sowie gerippten Bündchen an Saum und Ärmeln<br><span style ='color:green;font-weigth:bold;font-size:3vh;'>&#10003;</span>  Mit zwei aufgesetzten Taschen, Doppelnaht-Details und durchgehendem, verdeckten Reißverschluss<br><span style ='color:green;font-weigth:bold;font-size:3vh;'>&#10003;</span>  Weiches, gebürstetes Innenvlies<br><span style ='color:green;font-weigth:bold;font-size:3vh;'>&#10003;</span>  Stoffdichte: 280 g/m²<br><span style ='color:green;font-weigth:bold;font-size:3vh;'>&#10003;</span>  Material: 75 % Baumwolle, 25 % Polyester<br><br>",j
138,Kleidung,Jacke,Unisex,Dunkelblau,Respekt,N/A,S/M/L/XL/XXL,35€,Medien/Kleidung/Respekt,"Eine für alle Fälle. Die Kapuzenjacke von Just Hoods ist die perfekte Begleiterin bei Sport, Spiel und in der Freizeit. Weich gefüttert und mit aufgesetzten Taschen für die wichtigen Dinge des Lebens. <br><br><span style ='color:green;font-weigth:bold;font-size:3vh;'>&#10003;</span>  Doppellagige Kapuze mit gleichfarbiger Kordel sowie gerippten Bündchen an Saum und Ärmeln<br><span style ='color:green;font-weigth:bold;font-size:3vh;'>&#10003;</span>  Mit zwei aufgesetzten Taschen, Doppelnaht-Details und durchgehendem, verdeckten Reißverschluss<br><span style ='color:green;font-weigth:bold;font-size:3vh;'>&#10003;</span>  Weiches, gebürstetes Innenvlies<br><span style ='color:green;font-weigth:bold;font-size:3vh;'>&#10003;</span>  Stoffdichte: 280 g/m²<br><span style ='color:green;font-weigth:bold;font-size:3vh;'>&#10003;</span>  Material: 80 % Baumwolle, 20 % Polyester<br><br>",j
